geneEnsembl	Toulouse	Gene_name
ENSG00000000419	DPM1	DPM1
ENSG00000001036	FUCA2	FUCA2
ENSG00000001084	GCLC	GCLC
ENSG00000001630	CYP51A1	CYP51A1
ENSG00000002549	LAP3	LAP3
ENSG00000002587	HS3ST1	HS3ST1
ENSG00000002726	AOC1	AOC1
ENSG00000002746	HECW1	HECW1
ENSG00000003137	CYP26B1	CYP26B1
ENSG00000003987	MTMR7	MTMR7
ENSG00000003989	SLC7A2	SLC7A2
ENSG00000004455	AK2	AK2
ENSG00000004468	CD38	CD38
ENSG00000004478	FKBP4	FKBP4
ENSG00000004779	NDUFAB1	NDUFAB1
ENSG00000004799	PDK4	PDK4
ENSG00000004809	SLC22A16	SLC22A16
ENSG00000004864	SLC25A13	SLC25A13
ENSG00000004939	SLC4A1	SLC4A1
ENSG00000004961	HCCS	HCCS
ENSG00000005022	SLC25A5	SLC25A5
ENSG00000005075	POLR2J	POLR2J
ENSG00000005187	ACSM3	ACSM3
ENSG00000005339	CREBBP	CREBBP
ENSG00000005381	MPO	MPO
ENSG00000005421	PON1	PON1
ENSG00000005469	CROT	CROT
ENSG00000005471	ABCB4	ABCB4
ENSG00000005810	MYCBP2	MYCBP2
ENSG00000005882	PDK2	PDK2
ENSG00000006007	GDE1	GDE1
ENSG00000006071	ABCC8	ABCC8
ENSG00000006530	AGK	AGK
ENSG00000006534	ALDH3B1	ALDH3B1
ENSG00000006625	GGCT	GGCT
ENSG00000006695	COX10	COX10
ENSG00000006756	ARSD	ARSD
ENSG00000006757	PNPLA4	PNPLA4
ENSG00000007001	UPP2	UPP2
ENSG00000007168	PAFAH1B1	PAFAH1B1
ENSG00000007171	NOS2	NOS2
ENSG00000007216	SLC13A2	SLC13A2
ENSG00000007350	TKTL1	TKTL1
ENSG00000007541	PIGQ	PIGQ
ENSG00000007933	FMO3	FMO3
ENSG00000007944	MYLIP	MYLIP
ENSG00000008130	NADK	NADK
ENSG00000008311	AASS	AASS
ENSG00000008394	MGST1	MGST1
ENSG00000008438	PGLYRP1	PGLYRP1
ENSG00000008513	ST3GAL1	ST3GAL1
ENSG00000009335	UBE3C	UBE3C
ENSG00000009413	REV3L	REV3L
ENSG00000009830	POMT2	POMT2
ENSG00000010256	UQCRC1	UQCRC1
ENSG00000010379	SLC6A13	SLC6A13
ENSG00000010404	IDS	IDS
ENSG00000010932	FMO1	FMO1
ENSG00000011009	LYPLA2	LYPLA2
ENSG00000011052	NME1-NME2	NME1-NME2
ENSG00000011083	SLC6A7	SLC6A7
ENSG00000011198	ABHD5	ABHD5
ENSG00000011275	RNF216	RNF216
ENSG00000011405	PIK3C2A	PIK3C2A
ENSG00000012232	EXTL3	EXTL3
ENSG00000012660	ELOVL5	ELOVL5
ENSG00000012779	ALOX5	ALOX5
ENSG00000012963	UBR7	UBR7
ENSG00000013288	MAN2B2	MAN2B2
ENSG00000013375	PGM3	PGM3
ENSG00000013392	RWDD2A	RWDD2A
ENSG00000013503	POLR3B	POLR3B
ENSG00000013561	RNF14	RNF14
ENSG00000014138	POLA2	POLA2
ENSG00000014257	ACP3	ACP3
ENSG00000014641	MDH1	MDH1
ENSG00000015413	DPEP1	DPEP1
ENSG00000015520	NPC1L1	NPC1L1
ENSG00000015532	XYLT2	XYLT2
ENSG00000016391	CHDH	CHDH
ENSG00000016864	GLT8D1	GLT8D1
ENSG00000017260	ATP2C1	ATP2C1
ENSG00000017483	SLC38A5	SLC38A5
ENSG00000017797	RALBP1	RALBP1
ENSG00000018280	SLC11A1	SLC11A1
ENSG00000018510	AGPS	AGPS
ENSG00000018625	ATP1A2	ATP1A2
ENSG00000019186	CYP24A1	CYP24A1
ENSG00000021461	CYP3A43	CYP3A43
ENSG00000021488	SLC7A9	SLC7A9
ENSG00000021826	CPS1	CPS1
ENSG00000023041	ZDHHC6	ZDHHC6
ENSG00000023228	NDUFS1	NDUFS1
ENSG00000023330	ALAS1	ALAS1
ENSG00000023572	GLRX2	GLRX2
ENSG00000023697	DERA	DERA
ENSG00000023839	ABCC2	ABCC2
ENSG00000023909	GCLM	GCLM
ENSG00000024048	UBR2	UBR2
ENSG00000025423	HSD17B6	HSD17B6
ENSG00000025708	TYMP	TYMP
ENSG00000025800	KPNA6	KPNA6
ENSG00000026652	AGPAT4	AGPAT4
ENSG00000027847	B4GALT7	B4GALT7
ENSG00000030066	NUP160	NUP160
ENSG00000031698	SARS1	SARS1
ENSG00000032444	PNPLA6	PNPLA6
ENSG00000033011	ALG1	ALG1
ENSG00000033100	CHPF2	CHPF2
ENSG00000033170	FUT8	FUT8
ENSG00000033178	UBA6	UBA6
ENSG00000033627	ATP6V0A1	ATP6V0A1
ENSG00000033867	SLC4A7	SLC4A7
ENSG00000034677	RNF19A	RNF19A
ENSG00000035687	ADSS2	ADSS2
ENSG00000036473	OTC	OTC
ENSG00000036530	CYP46A1	CYP46A1
ENSG00000036565	SLC18A1	SLC18A1
ENSG00000036672	USP2	USP2
ENSG00000037757	MRI1	MRI1
ENSG00000037897	METTL1	METTL1
ENSG00000038002	AGA	AGA
ENSG00000038210	PI4K2B	PI4K2B
ENSG00000038274	MAT2B	MAT2B
ENSG00000039123	MTREX	MTREX
ENSG00000039650	PNKP	PNKP
ENSG00000040933	INPP4A	INPP4A
ENSG00000041880	PARP3	PARP3
ENSG00000043514	TRIT1	TRIT1
ENSG00000044446	PHKA2	PHKA2
ENSG00000047230	CTPS2	CTPS2
ENSG00000047249	ATP6V1H	ATP6V1H
ENSG00000047315	POLR2B	POLR2B
ENSG00000047410	TPR	TPR
ENSG00000047457	CP	CP
ENSG00000048028	USP28	USP28
ENSG00000048392	RRM2B	RRM2B
ENSG00000049239	H6PD	H6PD
ENSG00000049759	NEDD4L	NEDD4L
ENSG00000049860	HEXB	HEXB
ENSG00000050438	SLC4A8	SLC4A8
ENSG00000051341	POLQ	POLQ
ENSG00000051382	PIK3CB	PIK3CB
ENSG00000052802	MSMO1	MSMO1
ENSG00000053371	AKR7A2	AKR7A2
ENSG00000054148	PHPT1	PHPT1
ENSG00000054179	ENTPD2	ENTPD2
ENSG00000054267	ARID4B	ARID4B
ENSG00000054392	HHAT	HHAT
ENSG00000054983	GALC	GALC
ENSG00000055483	USP36	USP36
ENSG00000055609	KMT2C	KMT2C
ENSG00000056998	GYG2	GYG2
ENSG00000057252	SOAT1	SOAT1
ENSG00000058056	USP13	USP13
ENSG00000058600	POLR3E	POLR3E
ENSG00000058668	ATP2B4	ATP2B4
ENSG00000058804	NDC1	NDC1
ENSG00000058866	DGKG	DGKG
ENSG00000059377	TBXAS1	TBXAS1
ENSG00000059378	PARP12	PARP12
ENSG00000059573	ALDH18A1	ALDH18A1
ENSG00000059804	SLC2A3	SLC2A3
ENSG00000060642	PIGV	PIGV
ENSG00000060762	MPC1	MPC1
ENSG00000060971	ACAA1	ACAA1
ENSG00000060982	BCAT1	BCAT1
ENSG00000061918	GUCY1B1	GUCY1B1
ENSG00000062282	DGAT2	DGAT2
ENSG00000062485	CS	CS
ENSG00000062822	POLD1	POLD1
ENSG00000063176	SPHK2	SPHK2
ENSG00000063601	MTMR1	MTMR1
ENSG00000063854	HAGH	HAGH
ENSG00000064225	ST3GAL6	ST3GAL6
ENSG00000064270	ATP2C2	ATP2C2
ENSG00000064601	CTSA	CTSA
ENSG00000064651	SLC12A2	SLC12A2
ENSG00000064763	FAR2	FAR2
ENSG00000065154	OAT	OAT
ENSG00000065357	DGKA	DGKA
ENSG00000065427	KARS1	KARS1
ENSG00000065485	PDIA5	PDIA5
ENSG00000065518	NDUFB4	NDUFB4
ENSG00000065534	MYLK	MYLK
ENSG00000065615	CYB5R4	CYB5R4
ENSG00000065621	GSTO2	GSTO2
ENSG00000065833	ME1	ME1
ENSG00000065911	MTHFD2	MTHFD2
ENSG00000065923	SLC9A7	SLC9A7
ENSG00000065989	PDE4A	PDE4A
ENSG00000066230	SLC9A3	SLC9A3
ENSG00000066322	ELOVL1	ELOVL1
ENSG00000066379	POLR1H	POLR1H
ENSG00000066651	TRMT11	TRMT11
ENSG00000066813	ACSM2B	ACSM2B
ENSG00000066926	FECH	FECH
ENSG00000067057	PFKP	PFKP
ENSG00000067064	IDI1	IDI1
ENSG00000067113	PLPP1	PLPP1
ENSG00000067177	PHKA1	PHKA1
ENSG00000067225	PKM	PKM
ENSG00000067829	IDH3G	IDH3G
ENSG00000067840	PDZD4	PDZD4
ENSG00000067842	ATP2B3	ATP2B3
ENSG00000067992	PDK3	PDK3
ENSG00000068001	HYAL2	HYAL2
ENSG00000068120	COASY	COASY
ENSG00000068308	OTUD5	OTUD5
ENSG00000068366	ACSL4	ACSL4
ENSG00000068383	INPP5A	INPP5A
ENSG00000068650	ATP11A	ATP11A
ENSG00000068654	POLR1A	POLR1A
ENSG00000068745	IP6K2	IP6K2
ENSG00000068903	SIRT2	SIRT2
ENSG00000068976	PYGM	PYGM
ENSG00000069248	NUP133	NUP133
ENSG00000069431	ABCC9	ABCC9
ENSG00000069535	MAOB	MAOB
ENSG00000069667	RORA	RORA
ENSG00000069764	PLA2G10	PLA2G10
ENSG00000069849	ATP1B3	ATP1B3
ENSG00000069869	NEDD4	NEDD4
ENSG00000069943	PIGB	PIGB
ENSG00000070019	GUCY2C	GUCY2C
ENSG00000070214	SLC44A1	SLC44A1
ENSG00000070423	RNF126	RNF126
ENSG00000070501	POLB	POLB
ENSG00000070526	ST6GALNAC1	ST6GALNAC1
ENSG00000070610	GBA2	GBA2
ENSG00000070614	NDST1	NDST1
ENSG00000070669	ASNS	ASNS
ENSG00000070731	ST6GALNAC2	ST6GALNAC2
ENSG00000070748	CHAT	CHAT
ENSG00000070915	SLC12A3	SLC12A3
ENSG00000070950	RAD18	RAD18
ENSG00000070961	ATP2B1	ATP2B1
ENSG00000071073	MGAT4A	MGAT4A
ENSG00000071553	ATP6AP1	ATP6AP1
ENSG00000071794	HLTF	HLTF
ENSG00000071967	CYBRD1	CYBRD1
ENSG00000072041	SLC6A15	SLC6A15
ENSG00000072042	RDH11	RDH11
ENSG00000072062	PRKACA	PRKACA
ENSG00000072210	ALDH3A2	ALDH3A2
ENSG00000072274	TFRC	TFRC
ENSG00000072310	SREBF1	SREBF1
ENSG00000072401	UBE2D1	UBE2D1
ENSG00000072506	HSD17B10	HSD17B10
ENSG00000072609	CHFR	CHFR
ENSG00000072657	TRHDE	TRHDE
ENSG00000072682	P4HA2	P4HA2
ENSG00000072756	TRNT1	TRNT1
ENSG00000072778	ACADVL	ACADVL
ENSG00000073060	SCARB1	SCARB1
ENSG00000073417	PDE8A	PDE8A
ENSG00000073578	SDHA	SDHA
ENSG00000073734	ABCB11	ABCB11
ENSG00000073737	DHRS9	DHRS9
ENSG00000073756	PTGS2	PTGS2
ENSG00000073849	ST6GAL1	ST6GAL1
ENSG00000074370	ATP2A3	ATP2A3
ENSG00000074410	CA12	CA12
ENSG00000074416	MGLL	MGLL
ENSG00000074621	SLC24A1	SLC24A1
ENSG00000074696	HACD3	HACD3
ENSG00000074800	ENO1	ENO1
ENSG00000074803	SLC12A1	SLC12A1
ENSG00000075188	NUP37	NUP37
ENSG00000075239	ACAT1	ACAT1
ENSG00000075415	SLC25A3	SLC25A3
ENSG00000075651	PLD1	PLD1
ENSG00000075673	ATP12A	ATP12A
ENSG00000075975	MKRN2	MKRN2
ENSG00000076258	FMO4	FMO4
ENSG00000076351	SLC46A1	SLC46A1
ENSG00000076555	ACACB	ACACB
ENSG00000076685	NT5C2	NT5C2
ENSG00000077009	NMRK2	NMRK2
ENSG00000077044	DGKD	DGKD
ENSG00000077152	UBE2T	UBE2T
ENSG00000077254	USP33	USP33
ENSG00000077463	SIRT6	SIRT6
ENSG00000077498	TYR	TYR
ENSG00000077514	POLD3	POLD3
ENSG00000077721	UBE2A	UBE2A
ENSG00000077800	FKBP6	FKBP6
ENSG00000078070	MCCC1	MCCC1
ENSG00000078124	ACER3	ACER3
ENSG00000078140	UBE2K	UBE2K
ENSG00000078142	PIK3C3	PIK3C3
ENSG00000078237	TIGAR	TIGAR
ENSG00000078269	SYNJ2	SYNJ2
ENSG00000078295	ADCY2	ADCY2
ENSG00000078747	ITCH	ITCH
ENSG00000078967	UBE2D4	UBE2D4
ENSG00000079150	FKBP7	FKBP7
ENSG00000079215	SLC1A3	SLC1A3
ENSG00000079435	LIPE	LIPE
ENSG00000079459	FDFT1	FDFT1
ENSG00000079462	PAFAH1B3	PAFAH1B3
ENSG00000079739	PGM1	PGM1
ENSG00000079805	DNM2	DNM2
ENSG00000080166	DCT	DCT
ENSG00000080493	SLC4A4	SLC4A4
ENSG00000080511	RDH8	RDH8
ENSG00000080802	CNOT4	CNOT4
ENSG00000080819	CPOX	CPOX
ENSG00000081181	ARG2	ARG2
ENSG00000081479	LRP2	LRP2
ENSG00000081760	AACS	AACS
ENSG00000081800	SLC13A1	SLC13A1
ENSG00000081923	ATP8B1	ATP8B1
ENSG00000082212	ME2	ME2
ENSG00000082996	RNF13	RNF13
ENSG00000083123	BCKDHB	BCKDHB
ENSG00000083168	KAT6A	KAT6A
ENSG00000083223	TUT7	TUT7
ENSG00000083444	PLOD1	PLOD1
ENSG00000083720	OXCT1	OXCT1
ENSG00000083799	CYLD	CYLD
ENSG00000083807	SLC27A5	SLC27A5
ENSG00000084072	PPIE	PPIE
ENSG00000084073	ZMPSTE24	ZMPSTE24
ENSG00000084090	STARD7	STARD7
ENSG00000084110	HAL	HAL
ENSG00000084207	GSTP1	GSTP1
ENSG00000084453	SLCO1A2	SLCO1A2
ENSG00000084674	APOB	APOB
ENSG00000084676	NCOA1	NCOA1
ENSG00000084754	HADHA	HADHA
ENSG00000084774	CAD	CAD
ENSG00000085231	AK6	AK6
ENSG00000085377	PREP	PREP
ENSG00000085382	HACE1	HACE1
ENSG00000085415	SEH1L	SEH1L
ENSG00000085563	ABCB1	ABCB1
ENSG00000085662	AKR1B1	AKR1B1
ENSG00000085871	MGST2	MGST2
ENSG00000085982	USP40	USP40
ENSG00000085998	POMGNT1	POMGNT1
ENSG00000086062	B4GALT1	B4GALT1
ENSG00000086159	AQP6	AQP6
ENSG00000086475	SEPHS1	SEPHS1
ENSG00000086544	ITPKC	ITPKC
ENSG00000086696	HSD17B2	HSD17B2
ENSG00000086758	HUWE1	HUWE1
ENSG00000086848	ALG9	ALG9
ENSG00000087008	ACOX3	ACOX3
ENSG00000087053	MTMR2	MTMR2
ENSG00000087076	HSD17B14	HSD17B14
ENSG00000087085	ACHE	ACHE
ENSG00000087111	PIGS	PIGS
ENSG00000087157	PGS1	PGS1
ENSG00000087253	LPCAT2	LPCAT2
ENSG00000087299	L2HGDH	L2HGDH
ENSG00000087470	DNM1L	DNM1L
ENSG00000088002	SULT2B1	SULT2B1
ENSG00000088035	ALG6	ALG6
ENSG00000088305	DNMT3B	DNMT3B
ENSG00000088386	SLC15A1	SLC15A1
ENSG00000088451	TGDS	TGDS
ENSG00000088766	CRLS1	CRLS1
ENSG00000088826	SMOX	SMOX
ENSG00000088832	FKBP1A	FKBP1A
ENSG00000089057	SLC23A2	SLC23A2
ENSG00000089060	SLC8B1	SLC8B1
ENSG00000089234	BRAP	BRAP
ENSG00000089250	NOS1	NOS1
ENSG00000089472	HEPH	HEPH
ENSG00000089597	GANAB	GANAB
ENSG00000090013	BLVRB	BLVRB
ENSG00000090020	SLC9A1	SLC9A1
ENSG00000090054	SPTLC1	SPTLC1
ENSG00000090060	PAPOLA	PAPOLA
ENSG00000090266	NDUFB2	NDUFB2
ENSG00000090402	SI	SI
ENSG00000090432	MUL1	MUL1
ENSG00000090661	CERS4	CERS4
ENSG00000090686	USP48	USP48
ENSG00000090857	PDPR	PDPR
ENSG00000090861	AARS1	AARS1
ENSG00000090971	NAT14	NAT14
ENSG00000091137	SLC26A4	SLC26A4
ENSG00000091138	SLC26A3	SLC26A3
ENSG00000091140	DLD	DLD
ENSG00000091483	FH	FH
ENSG00000091664	SLC17A6	SLC17A6
ENSG00000091704	CPA1	CPA1
ENSG00000092009	CMA1	CMA1
ENSG00000092068	SLC7A8	SLC7A8
ENSG00000092098	RNF31	RNF31
ENSG00000092148	HECTD1	HECTD1
ENSG00000092295	TGM1	TGM1
ENSG00000092529	CAPN3	CAPN3
ENSG00000092621	PHGDH	PHGDH
ENSG00000092964	DPYSL2	DPYSL2
ENSG00000093000	NUP50	NUP50
ENSG00000093010	COMT	COMT
ENSG00000093072	ADA2	ADA2
ENSG00000093217	XYLB	XYLB
ENSG00000094841	UPRT	UPRT
ENSG00000094914	AAAS	AAAS
ENSG00000094963	FMO2	FMO2
ENSG00000095059	DHPS	DHPS
ENSG00000095139	ARCN1	ARCN1
ENSG00000095303	PTGS1	PTGS1
ENSG00000095319	NUP188	NUP188
ENSG00000095321	CRAT	CRAT
ENSG00000095380	NANS	NANS
ENSG00000095464	PDE6C	PDE6C
ENSG00000095596	CYP26A1	CYP26A1
ENSG00000095917	TPSD1	TPSD1
ENSG00000096006	CRISP3	CRISP3
ENSG00000096060	FKBP5	FKBP5
ENSG00000096717	SIRT1	SIRT1
ENSG00000097021	ACOT7	ACOT7
ENSG00000097033	SH3GLB1	SH3GLB1
ENSG00000099194	SCD	SCD
ENSG00000099377	HSD3B7	HSD3B7
ENSG00000099381	SETD1A	SETD1A
ENSG00000099624	ATP5F1D	ATP5F1D
ENSG00000099785	MARCHF2	MARCHF2
ENSG00000099795	NDUFB7	NDUFB7
ENSG00000099797	TECR	TECR
ENSG00000099804	CDC34	CDC34
ENSG00000099810	MTAP	MTAP
ENSG00000099817	POLR2E	POLR2E
ENSG00000099821	POLRMT	POLRMT
ENSG00000099904	ZDHHC8	ZDHHC8
ENSG00000099984	GSTT2	GSTT2
ENSG00000099998	GGT5	GGT5
ENSG00000100023	PPIL2	PPIL2
ENSG00000100024	UPB1	UPB1
ENSG00000100031	GGT1	GGT1
ENSG00000100033	PRODH	PRODH
ENSG00000100075	SLC25A1	SLC25A1
ENSG00000100077	GRK3	GRK3
ENSG00000100078	PLA2G3	PLA2G3
ENSG00000100092	SH3BP1	SH3BP1
ENSG00000100101		ENSG00000100101
ENSG00000100116	GCAT	GCAT
ENSG00000100121	GGTLC2	GGTLC2
ENSG00000100142	POLR2F	POLR2F
ENSG00000100156	SLC16A8	SLC16A8
ENSG00000100170	SLC5A1	SLC5A1
ENSG00000100197	CYP2D6	CYP2D6
ENSG00000100243	CYB5R3	CYB5R3
ENSG00000100253	MIOX	MIOX
ENSG00000100288	CHKB	CHKB
ENSG00000100292	HMOX1	HMOX1
ENSG00000100294	MCAT	MCAT
ENSG00000100299	ARSA	ARSA
ENSG00000100344	PNPLA3	PNPLA3
ENSG00000100348	TXN2	TXN2
ENSG00000100354	TNRC6B	TNRC6B
ENSG00000100372	SLC25A17	SLC25A17
ENSG00000100393	EP300	EP300
ENSG00000100412	ACO2	ACO2
ENSG00000100413	POLR3H	POLR3H
ENSG00000100416	TRMU	TRMU
ENSG00000100417	PMM1	PMM1
ENSG00000100422	CERK	CERK
ENSG00000100442	FKBP3	FKBP3
ENSG00000100448	CTSG	CTSG
ENSG00000100479	POLE2	POLE2
ENSG00000100504	PYGL	PYGL
ENSG00000100522	GNPNAT1	GNPNAT1
ENSG00000100554	ATP6V1D	ATP6V1D
ENSG00000100564	PIGH	PIGH
ENSG00000100577	GSTZ1	GSTZ1
ENSG00000100596	SPTLC2	SPTLC2
ENSG00000100600	LGMN	LGMN
ENSG00000100605	ITPK1	ITPK1
ENSG00000100626	GALNT16	GALNT16
ENSG00000100644	HIF1A	HIF1A
ENSG00000100652	SLC10A1	SLC10A1
ENSG00000100678	SLC8A3	SLC8A3
ENSG00000100714	MTHFD1	MTHFD1
ENSG00000100814	CCNB1IP1	CCNB1IP1
ENSG00000100865	CINP	CINP
ENSG00000100867	DHRS2	DHRS2
ENSG00000100889	PCK2	PCK2
ENSG00000100938	GMPR2	GMPR2
ENSG00000100979	PLTP	PLTP
ENSG00000100983	GSS	GSS
ENSG00000100994	PYGB	PYGB
ENSG00000100997	ABHD12	ABHD12
ENSG00000101146	RAE1	RAE1
ENSG00000101160	CTSZ	CTSZ
ENSG00000101187	SLCO4A1	SLCO4A1
ENSG00000101210	EEF1A2	EEF1A2
ENSG00000101276	SLC52A3	SLC52A3
ENSG00000101290	CDS2	CDS2
ENSG00000101306	MYLK2	MYLK2
ENSG00000101323	HAO1	HAO1
ENSG00000101333	PLCB4	PLCB4
ENSG00000101365	IDH3B	IDH3B
ENSG00000101438	SLC32A1	SLC32A1
ENSG00000101444	AHCY	AHCY
ENSG00000101464	PIGU	PIGU
ENSG00000101473	ACOT8	ACOT8
ENSG00000101557	USP14	USP14
ENSG00000101577	LPIN2	LPIN2
ENSG00000101638	ST8SIA5	ST8SIA5
ENSG00000101654	RNMT	RNMT
ENSG00000101670	LIPG	LIPG
ENSG00000101695	RNF125	RNF125
ENSG00000101751	POLI	POLI
ENSG00000101752	MIB1	MIB1
ENSG00000101846	STS	STS
ENSG00000101849	TBL1X	TBL1X
ENSG00000101868	POLA1	POLA1
ENSG00000101871	MID1	MID1
ENSG00000101890	GUCY2F	GUCY2F
ENSG00000101892	ATP1B4	ATP1B4
ENSG00000101901	ALG13	ALG13
ENSG00000101911	PRPS2	PRPS2
ENSG00000101945	SUV39H1	SUV39H1
ENSG00000101974	ATP11C	ATP11C
ENSG00000101986	ABCD1	ABCD1
ENSG00000102030	NAA10	NAA10
ENSG00000102032	RENBP	RENBP
ENSG00000102043	MTMR8	MTMR8
ENSG00000102078	SLC25A14	SLC25A14
ENSG00000102100	SLC35A2	SLC35A2
ENSG00000102125	TAZ	TAFAZZIN
ENSG00000102144	PGK1	PGK1
ENSG00000102172	SMS	SMS
ENSG00000102226	USP11	USP11
ENSG00000102230	PCYT1B	PCYT1B
ENSG00000102309	PIN4	PIN4
ENSG00000102312	PORCN	PORCN
ENSG00000102383	ZDHHC15	ZDHHC15
ENSG00000102393	GLA	GLA
ENSG00000102575	ACP5	ACP5
ENSG00000102595	UGGT2	UGGT2
ENSG00000102699	PARP4	PARP4
ENSG00000102743	SLC25A15	SLC25A15
ENSG00000102780	DGKH	DGKH
ENSG00000102794	ACOD1	ACOD1
ENSG00000102858	MGRN1	MGRN1
ENSG00000102893	PHKB	PHKB
ENSG00000102900	NUP93	NUP93
ENSG00000102967	DHODH	DHODH
ENSG00000102978	POLR2C	POLR2C
ENSG00000103024	NME3	NME3
ENSG00000103044	HAS3	HAS3
ENSG00000103056	SMPD3	SMPD3
ENSG00000103064	SLC7A6	SLC7A6
ENSG00000103066	PLA2G15	PLA2G15
ENSG00000103150	MLYCD	MLYCD
ENSG00000103174	NAGPA	NAGPA
ENSG00000103194	USP10	USP10
ENSG00000103202	NME4	NME4
ENSG00000103222	ABCC1	ABCC1
ENSG00000103253	HAGHL	HAGHL
ENSG00000103257	SLC7A5	SLC7A5
ENSG00000103266	STUB1	STUB1
ENSG00000103275	UBE2I	UBE2I
ENSG00000103375	AQP8	AQP8
ENSG00000103404	USP31	USP31
ENSG00000103415	HMOX2	HMOX2
ENSG00000103485	QPRT	QPRT
ENSG00000103489	XYLT1	XYLT1
ENSG00000103502	CDIPT	CDIPT
ENSG00000103507	BCKDK	BCKDK
ENSG00000103510	KAT8	KAT8
ENSG00000103546	SLC6A2	SLC6A2
ENSG00000103549	RNF40	RNF40
ENSG00000103569	AQP9	AQP9
ENSG00000103657	HERC1	HERC1
ENSG00000103707	MTFMT	MTFMT
ENSG00000103740	ACSBG1	ACSBG1
ENSG00000103811	CTSH	CTSH
ENSG00000103876	FAH	FAH
ENSG00000104044	OCA2	OCA2
ENSG00000104055	TGM5	TGM5
ENSG00000104219	ZDHHC2	ZDHHC2
ENSG00000104267	CA2	CA2
ENSG00000104325	DECR1	DECR1
ENSG00000104331	BPNT2	BPNT2
ENSG00000104343	UBE2W	UBE2W
ENSG00000104517	UBR5	UBR5
ENSG00000104522	GFUS	GFUS
ENSG00000104524	PYCR3	PYCR3
ENSG00000104549	SQLE	SQLE
ENSG00000104635	SLC39A14	SLC39A14
ENSG00000104687	GSR	GSR
ENSG00000104723	TUSC3	TUSC3
ENSG00000104763	ASAH1	ASAH1
ENSG00000104774	MAN2B1	MAN2B1
ENSG00000104808	DHDH	DHDH
ENSG00000104812	GYS1	GYS1
ENSG00000104823	ECH1	ECH1
ENSG00000104879	CKM	CKM
ENSG00000104885	DOT1L	DOT1L
ENSG00000104888	SLC17A7	SLC17A7
ENSG00000104907	TRMT1	TRMT1
ENSG00000104951	IL4I1	IL4I1
ENSG00000105143	SLC1A6	SLC1A6
ENSG00000105220	GPI	GPI
ENSG00000105254	TBCB	TBCB
ENSG00000105258	POLR2I	POLR2I
ENSG00000105281	SLC1A5	SLC1A5
ENSG00000105355	PLIN3	PLIN3
ENSG00000105379	ETFB	ETFB
ENSG00000105398	SULT2A1	SULT2A1
ENSG00000105409	ATP1A3	ATP1A3
ENSG00000105499	PLA2G4C	PLA2G4C
ENSG00000105509	HAS1	HAS1
ENSG00000105516	DBP	DBP
ENSG00000105520	PLPPR2	PLPPR2
ENSG00000105552	BCAT2	BCAT2
ENSG00000105607	GCDH	GCDH
ENSG00000105641	SLC5A5	SLC5A5
ENSG00000105647	PIK3R2	PIK3R2
ENSG00000105650	PDE4C	PDE4C
ENSG00000105655	ISYNA1	ISYNA1
ENSG00000105669	COPE	COPE
ENSG00000105675	ATP4A	ATP4A
ENSG00000105679	GAPDHS	GAPDHS
ENSG00000105701	FKBP8	FKBP8
ENSG00000105835	NAMPT	NAMPT
ENSG00000105851	PIK3CG	PIK3CG
ENSG00000105852	PON3	PON3
ENSG00000105854	PON2	PON2
ENSG00000105879	CBLL1	CBLL1
ENSG00000105929	ATP6V0A4	ATP6V0A4
ENSG00000105939	ZC3HAV1	ZC3HAV1
ENSG00000105953	OGDH	OGDH
ENSG00000106049	HIBADH	HIBADH
ENSG00000106080	FKBP14	FKBP14
ENSG00000106105	GARS1	GARS1
ENSG00000106258	CYP3A5	CYP3A5
ENSG00000106302	HYAL4	HYAL4
ENSG00000106304	SPAM1	SPAM1
ENSG00000106346	USP42	USP42
ENSG00000106348	IMPDH1	IMPDH1
ENSG00000106384	MOGAT3	MOGAT3
ENSG00000106392	C1GALT1	C1GALT1
ENSG00000106397	PLOD3	PLOD3
ENSG00000106459	NRF1	NRF1
ENSG00000106462	EZH2	EZH2
ENSG00000106605	BLVRA	BLVRA
ENSG00000106628	POLD2	POLD2
ENSG00000106633	GCK	GCK
ENSG00000106636	YKT6	YKT6
ENSG00000106688	SLC1A1	SLC1A1
ENSG00000106733	NMRK1	NMRK1
ENSG00000106853	PTGR1	PTGR1
ENSG00000106976	DNM1	DNM1
ENSG00000106992	AK1	AK1
ENSG00000107159	CA9	CA9
ENSG00000107165	TYRP1	TYRP1
ENSG00000107242	PIP5K1B	PIP5K1B
ENSG00000107317	PTGDS	PTGDS
ENSG00000107341	UBE2R2	UBE2R2
ENSG00000107537	PHYH	PHYH
ENSG00000107611	CUBN	CUBN
ENSG00000107614	TRDMT1	TRDMT1
ENSG00000107669	ATE1	ATE1
ENSG00000107789	MINPP1	MINPP1
ENSG00000107798	LIPA	LIPA
ENSG00000107819	SFXN3	SFXN3
ENSG00000107854	TNKS2	TNKS2
ENSG00000107902	LHPP	LHPP
ENSG00000107951	MTPAP	MTPAP
ENSG00000107954	NEURL1	NEURL1
ENSG00000108106	UBE2S	UBE2S
ENSG00000108179	PPIF	PPIF
ENSG00000108242	CYP2C18	CYP2C18
ENSG00000108381	ASPA	ASPA
ENSG00000108439	PNPO	PNPO
ENSG00000108474	PIGL	PIGL
ENSG00000108479	GALK1	GALK1
ENSG00000108515	ENO3	ENO3
ENSG00000108523	RNF167	RNF167
ENSG00000108528	SLC25A11	SLC25A11
ENSG00000108559	NUP88	NUP88
ENSG00000108576	SLC6A4	SLC6A4
ENSG00000108602	ALDH3A1	ALDH3A1
ENSG00000108773	KAT2A	KAT2A
ENSG00000108784	NAGLU	NAGLU
ENSG00000108786	HSD17B1	HSD17B1
ENSG00000108799	EZH1	EZH1
ENSG00000108839	ALOX12	ALOX12
ENSG00000108846	ABCC3	ABCC3
ENSG00000108854	SMURF2	SMURF2
ENSG00000108932	SLC16A6	SLC16A6
ENSG00000109065	NAT9	NAT9
ENSG00000109107	ALDOC	ALDOC
ENSG00000109181	UGT2B10	UGT2B10
ENSG00000109189	USP46	USP46
ENSG00000109193	SULT1E1	SULT1E1
ENSG00000109323	MANBA	MANBA
ENSG00000109332	UBE2D3	UBE2D3
ENSG00000109390	NDUFC1	NDUFC1
ENSG00000109424	UCP1	UCP1
ENSG00000109452	INPP4B	INPP4B
ENSG00000109576	AADAT	AADAT
ENSG00000109586	GALNT7	GALNT7
ENSG00000109610	SOD3	SOD3
ENSG00000109667	SLC2A9	SLC2A9
ENSG00000109685	NSD2	NSD2
ENSG00000109743	BST1	BST1
ENSG00000109814	UGDH	UGDH
ENSG00000109854	HTATIP2	HTATIP2
ENSG00000109861	CTSC	CTSC
ENSG00000109929	SC5D	SC5D
ENSG00000109956	B3GAT1	B3GAT1
ENSG00000110013	SIAE	SIAE
ENSG00000110066	KMT5B	KMT5B
ENSG00000110080	ST3GAL4	ST3GAL4
ENSG00000110090	CPT1A	CPT1A
ENSG00000110195	FOLR1	FOLR1
ENSG00000110203	FOLR3	FOLR3
ENSG00000110245	APOC3	APOC3
ENSG00000110328	GALNT18	GALNT18
ENSG00000110344	UBE4A	UBE4A
ENSG00000110395	CBL	CBL
ENSG00000110435	PDHX	PDHX
ENSG00000110436	SLC1A2	SLC1A2
ENSG00000110446	SLC15A3	SLC15A3
ENSG00000110536	PTPMT1	PTPMT1
ENSG00000110583	NAA40	NAA40
ENSG00000110619	CARS1	CARS1
ENSG00000110628	SLC22A18	SLC22A18
ENSG00000110713	NUP98	NUP98
ENSG00000110717	NDUFS8	NDUFS8
ENSG00000110719	TCIRG1	TCIRG1
ENSG00000110721	CHKA	CHKA
ENSG00000110871	COQ5	COQ5
ENSG00000110887	DAO	DAO
ENSG00000110911	SLC11A2	SLC11A2
ENSG00000110921	MVK	MVK
ENSG00000110955	ATP5F1B	ATP5F1B
ENSG00000110958	PTGES3	PTGES3
ENSG00000111012	CYP27B1	CYP27B1
ENSG00000111058	ACSS3	ACSS3
ENSG00000111077	TNS2	TNS2
ENSG00000111144	LTA4H	LTA4H
ENSG00000111181	SLC6A12	SLC6A12
ENSG00000111224	PARP11	PARP11
ENSG00000111237	VPS29	VPS29
ENSG00000111261	MANSC1	MANSC1
ENSG00000111271	ACAD10	ACAD10
ENSG00000111275	ALDH2	ALDH2
ENSG00000111339	ART4	ART4
ENSG00000111371	SLC38A1	SLC38A1
ENSG00000111445	RFC5	RFC5
ENSG00000111581	NUP107	NUP107
ENSG00000111640	GAPDH	GAPDH
ENSG00000111666	CHPT1	CHPT1
ENSG00000111667	USP5	USP5
ENSG00000111669	TPI1	TPI1
ENSG00000111670	GNPTAB	GNPTAB
ENSG00000111674	ENO2	ENO2
ENSG00000111684	LPCAT3	LPCAT3
ENSG00000111696	NT5DC3	NT5DC3
ENSG00000111700	SLCO1B3	SLCO1B3
ENSG00000111713	GYS2	GYS2
ENSG00000111716	LDHB	LDHB
ENSG00000111726	CMAS	CMAS
ENSG00000111728	ST8SIA1	ST8SIA1
ENSG00000111732	AICDA	AICDA
ENSG00000111775	COX6A1	COX6A1
ENSG00000111817	DSE	DSE
ENSG00000111846	GCNT2	GCNT2
ENSG00000111880	RNGTT	RNGTT
ENSG00000111885	MAN1A1	MAN1A1
ENSG00000111962	UST	UST
ENSG00000112053	SLC26A8	SLC26A8
ENSG00000112077	RHAG	RHAG
ENSG00000112130	RNF8	RNF8
ENSG00000112293	GPLD1	GPLD1
ENSG00000112294	ALDH5A1	ALDH5A1
ENSG00000112299	VNN1	VNN1
ENSG00000112303	VNN2	VNN2
ENSG00000112304	ACOT13	ACOT13
ENSG00000112309	B3GAT2	B3GAT2
ENSG00000112337	SLC17A2	SLC17A2
ENSG00000112367	FIG4	FIG4
ENSG00000112394	SLC16A10	SLC16A10
ENSG00000112473	SLC39A7	SLC39A7
ENSG00000112499	SLC22A2	SLC22A2
ENSG00000112541	PDE10A	PDE10A
ENSG00000112695	COX7A2	COX7A2
ENSG00000112699	GMDS	GMDS
ENSG00000112759	SLC29A1	SLC29A1
ENSG00000112874	NUDT12	NUDT12
ENSG00000112893	MAN2A1	MAN2A1
ENSG00000112941	TENT4A	TENT4A
ENSG00000112972	HMGCS1	HMGCS1
ENSG00000112992	NNT	NNT
ENSG00000113073	SLC4A9	SLC4A9
ENSG00000113083	LOX	LOX
ENSG00000113161	HMGCR	HMGCR
ENSG00000113163	CERT1	CERT1
ENSG00000113231	PDE8B	PDE8B
ENSG00000113269	RNF130	RNF130
ENSG00000113273	ARSB	ARSB
ENSG00000113356	POLR3G	POLR3G
ENSG00000113396	SLC27A6	SLC27A6
ENSG00000113407	TARS1	TARS1
ENSG00000113448	PDE4D	PDE4D
ENSG00000113456	RAD1	RAD1
ENSG00000113492	AGXT2	AGXT2
ENSG00000113504	SLC12A7	SLC12A7
ENSG00000113532	ST8SIA4	ST8SIA4
ENSG00000113552	GNPDA1	GNPDA1
ENSG00000113569	NUP155	NUP155
ENSG00000113593	PPWD1	PPWD1
ENSG00000113643	RARS1	RARS1
ENSG00000113732	ATP6V0E1	ATP6V0E1
ENSG00000113790	EHHADH	EHHADH
ENSG00000113924	HGD	HGD
ENSG00000114021	NIT2	NIT2
ENSG00000114054	PCCB	PCCB
ENSG00000114062	UBE3A	UBE3A
ENSG00000114113	RBP2	RBP2
ENSG00000114115	RBP1	RBP1
ENSG00000114124	GRK7	GRK7
ENSG00000114166	KAT2B	KAT2B
ENSG00000114200	BCHE	BCHE
ENSG00000114268	PFKFB4	PFKFB4
ENSG00000114316	USP4	USP4
ENSG00000114374	USP9Y	USP9Y
ENSG00000114378	HYAL1	HYAL1
ENSG00000114423	CBLB	CBLB
ENSG00000114480	GBE1	GBE1
ENSG00000114491	UMPS	UMPS
ENSG00000114573	ATP6V1A	ATP6V1A
ENSG00000114770	ABCC5	ABCC5
ENSG00000114771	AADAC	AADAC
ENSG00000114786	ABHD14A-ACY1	ABHD14A-ACY1
ENSG00000114805	PLCH1	PLCH1
ENSG00000114857	NKTR	NKTR
ENSG00000114902	SPCS1	SPCS1
ENSG00000114923	SLC4A3	SLC4A3
ENSG00000114956	DGUOK	DGUOK
ENSG00000114982	KANSL3	KANSL3
ENSG00000114999	TTL	TTL
ENSG00000115020	PIKFYVE	PIKFYVE
ENSG00000115159	GPD2	GPD2
ENSG00000115252	PDE1A	PDE1A
ENSG00000115275	MOGS	MOGS
ENSG00000115286	NDUFS7	NDUFS7
ENSG00000115339	GALNT3	GALNT3
ENSG00000115350	POLE4	POLE4
ENSG00000115361	ACADL	ACADL
ENSG00000115392	FANCL	FANCL
ENSG00000115419	GLS	GLS
ENSG00000115421	PAPOLG	PAPOLG
ENSG00000115425	PECR	PECR
ENSG00000115464	USP34	USP34
ENSG00000115488	NEU2	NEU2
ENSG00000115525	ST3GAL5	ST3GAL5
ENSG00000115526	CHST10	CHST10
ENSG00000115556	PLCD4	PLCD4
ENSG00000115616	SLC9A2	SLC9A2
ENSG00000115652	UXS1	UXS1
ENSG00000115657	ABCB6	ABCB6
ENSG00000115665	SLC5A7	SLC5A7
ENSG00000115677	HDLBP	HDLBP
ENSG00000115705	TPO	TPO
ENSG00000115758	ODC1	ODC1
ENSG00000115760	BIRC6	BIRC6
ENSG00000115828	QPCT	QPCT
ENSG00000115840	SLC25A12	SLC25A12
ENSG00000115850	LCT	LCT
ENSG00000115866	DARS1	DARS1
ENSG00000115884	SDC1	SDC1
ENSG00000115902	SLC1A4	SLC1A4
ENSG00000115919	KYNU	KYNU
ENSG00000116005	PCYOX1	PCYOX1
ENSG00000116039	ATP6V1B1	ATP6V1B1
ENSG00000116096	SPR	SPR
ENSG00000116120	FARSB	FARSB
ENSG00000116133	DHCR24	DHCR24
ENSG00000116157	GPX7	GPX7
ENSG00000116171	SCP2	SCP2
ENSG00000116199	FAM20B	FAM20B
ENSG00000116237	ICMT	ICMT
ENSG00000116337	AMPD2	AMPD2
ENSG00000116353	MECR	MECR
ENSG00000116459	ATP5PB	ATP5PB
ENSG00000116514	RNF19B	RNF19B
ENSG00000116539	ASH1L	ASH1L
ENSG00000116649	SRM	SRM
ENSG00000116704	SLC35D1	SLC35D1
ENSG00000116711	PLA2G4A	PLA2G4A
ENSG00000116745	RPE65	RPE65
ENSG00000116748	AMPD1	AMPD1
ENSG00000116761	CTH	CTH
ENSG00000116771	AGMAT	AGMAT
ENSG00000116783	TNNI3K	TNNI3K
ENSG00000116791	CRYZ	CRYZ
ENSG00000116882	HAO2	HAO2
ENSG00000116906	GNPAT	GNPAT
ENSG00000116981	NT5C1A	NT5C1A
ENSG00000116984	MTR	MTR
ENSG00000117009	KMO	KMO
ENSG00000117054	ACADM	ACADM
ENSG00000117069	ST6GALNAC5	ST6GALNAC5
ENSG00000117115	PADI2	PADI2
ENSG00000117118	SDHB	SDHB
ENSG00000117143	UAP1	UAP1
ENSG00000117215	PLA2G2D	PLA2G2D
ENSG00000117305	HMGCL	HMGCL
ENSG00000117308	GALE	GALE
ENSG00000117394	SLC2A1	SLC2A1
ENSG00000117410	ATP6V0B	ATP6V0B
ENSG00000117411	B4GALT2	B4GALT2
ENSG00000117448	AKR1A1	AKR1A1
ENSG00000117450	PRDX1	PRDX1
ENSG00000117461	PIK3R3	PIK3R3
ENSG00000117479	SLC19A2	SLC19A2
ENSG00000117480	FAAH	FAAH
ENSG00000117528	ABCD3	ABCD3
ENSG00000117543	DPH5	DPH5
ENSG00000117592	PRDX6	PRDX6
ENSG00000117594	HSD11B1	HSD11B1
ENSG00000117600	PLPPR4	PLPPR4
ENSG00000117620	SLC35A3	SLC35A3
ENSG00000117643	MAN1C1	MAN1C1
ENSG00000117682	DHDDS	DHDDS
ENSG00000117834	SLC5A9	SLC5A9
ENSG00000117984	CTSD	CTSD
ENSG00000118017	A4GNT	A4GNT
ENSG00000118058	KMT2A	KMT2A
ENSG00000118094	TREH	TREH
ENSG00000118137	APOA1	APOA1
ENSG00000118160	SLC8A2	SLC8A2
ENSG00000118276	B4GALT6	B4GALT6
ENSG00000118298	CA14	CA14
ENSG00000118363	SPCS2	SPCS2
ENSG00000118369	USP35	USP35
ENSG00000118402	ELOVL4	ELOVL4
ENSG00000118514	ALDH8A1	ALDH8A1
ENSG00000118518	RNF146	RNF146
ENSG00000118520	ARG1	ARG1
ENSG00000118596	SLC16A7	SLC16A7
ENSG00000118705	RPN2	RPN2
ENSG00000118777	ABCG2	ABCG2
ENSG00000119013	NDUFB3	NDUFB3
ENSG00000119048	UBE2B	UBE2B
ENSG00000119125	GDA	GDA
ENSG00000119227	PIGZ	PIGZ
ENSG00000119392	GLE1	GLE1
ENSG00000119401	TRIM32	TRIM32
ENSG00000119421	NDUFA8	NDUFA8
ENSG00000119514	GALNT12	GALNT12
ENSG00000119523	ALG2	ALG2
ENSG00000119537	KDSR	KDSR
ENSG00000119640	ACYP1	ACYP1
ENSG00000119673	ACOT2	ACOT2
ENSG00000119689	DLST	DLST
ENSG00000119711	ALDH6A1	ALDH6A1
ENSG00000119723	COQ6	COQ6
ENSG00000119772	DNMT3A	DNMT3A
ENSG00000119782	FKBP1B	FKBP1B
ENSG00000119899	SLC17A5	SLC17A5
ENSG00000119915	ELOVL3	ELOVL3
ENSG00000119927	GPAM	GPAM
ENSG00000119938	PPP1R3C	PPP1R3C
ENSG00000120053	GOT1	GOT1
ENSG00000120137	PANK3	PANK3
ENSG00000120253	NUP43	NUP43
ENSG00000120254	MTHFD1L	MTHFD1L
ENSG00000120265	PCMT1	PCMT1
ENSG00000120329	SLC25A2	SLC25A2
ENSG00000120437	ACAT2	ACAT2
ENSG00000120563	LYZL1	LYZL1
ENSG00000120697	ALG5	ALG5
ENSG00000120820	GLT8D2	GLT8D2
ENSG00000120915	EPHX2	EPHX2
ENSG00000120942	UBIAD1	UBIAD1
ENSG00000120992	LYPLA1	LYPLA1
ENSG00000121039	RDH10	RDH10
ENSG00000121053	EPX	EPX
ENSG00000121207	LRAT	LRAT
ENSG00000121270	ABCC11	ABCC11
ENSG00000121281	ADCY7	ADCY7
ENSG00000121310	ECHDC2	ECHDC2
ENSG00000121361	KCNJ8	KCNJ8
ENSG00000121481	RNF2	RNF2
ENSG00000121578	B4GALT4	B4GALT4
ENSG00000121579	NAA50	NAA50
ENSG00000121691	CAT	CAT
ENSG00000121769	FABP3	FABP3
ENSG00000121851	POLR3GL	POLR3GL
ENSG00000121879	PIK3CA	PIK3CA
ENSG00000121897	LIAS	LIAS
ENSG00000122008	POLK	POLK
ENSG00000122126	OCRL	OCRL
ENSG00000122194	PLG	PLG
ENSG00000122254	HS3ST2	HS3ST2
ENSG00000122257	RBBP6	RBBP6
ENSG00000122390	NAA60	NAA60
ENSG00000122642	FKBP9	FKBP9
ENSG00000122643	NT5C3A	NT5C3A
ENSG00000122678	POLM	POLM
ENSG00000122729	ACO1	ACO1
ENSG00000122787	AKR1D1	AKR1D1
ENSG00000122824	NUDT10	NUDT10
ENSG00000122863	CHST3	CHST3
ENSG00000122884	P4HA1	P4HA1
ENSG00000122912	SLC25A16	SLC25A16
ENSG00000122971	ACADS	ACADS
ENSG00000123124	WWP1	WWP1
ENSG00000123130	ACOT9	ACOT9
ENSG00000123213	NLN	NLN
ENSG00000123360	PDE1B	PDE1B
ENSG00000123453	SARDH	SARDH
ENSG00000123454	DBH	DBH
ENSG00000123505	AMD1	AMD1
ENSG00000123552	USP45	USP45
ENSG00000123643	SLC36A1	SLC36A1
ENSG00000123684	LPGAT1	LPGAT1
ENSG00000123739	PLA2G12A	PLA2G12A
ENSG00000123836	PFKFB2	PFKFB2
ENSG00000123983	ACSL3	ACSL3
ENSG00000123989	CHPF	CHPF
ENSG00000124003	MOGAT1	MOGAT1
ENSG00000124067	SLC12A4	SLC12A4
ENSG00000124091	GCNT7	GCNT7
ENSG00000124140	SLC12A5	SLC12A5
ENSG00000124151	NCOA3	NCOA3
ENSG00000124155	PIGT	PIGT
ENSG00000124164	VAPB	VAPB
ENSG00000124172	ATP5F1E	ATP5F1E
ENSG00000124181	PLCG1	PLCG1
ENSG00000124212	PTGIS	PTGIS
ENSG00000124253	PCK1	PCK1
ENSG00000124275	MTRR	MTRR
ENSG00000124299	PEPD	PEPD
ENSG00000124302	CHST8	CHST8
ENSG00000124356	STAMBP	STAMBP
ENSG00000124357	NAGK	NAGK
ENSG00000124370	MCEE	MCEE
ENSG00000124406	ATP8A1	ATP8A1
ENSG00000124422	USP22	USP22
ENSG00000124486	USP9X	USP9X
ENSG00000124491	F13A1	F13A1
ENSG00000124523	SIRT5	SIRT5
ENSG00000124564	SLC17A3	SLC17A3
ENSG00000124568	SLC17A1	SLC17A1
ENSG00000124588	NQO2	NQO2
ENSG00000124596	OARD1	OARD1
ENSG00000124615	MOCS1	MOCS1
ENSG00000124713	GNMT	GNMT
ENSG00000124767	GLO1	GLO1
ENSG00000124789	NUP153	NUP153
ENSG00000125166	GOT2	GOT2
ENSG00000125246	CLYBL	CLYBL
ENSG00000125255	SLC10A2	SLC10A2
ENSG00000125257	ABCC4	ABCC4
ENSG00000125356	NDUFA1	NDUFA1
ENSG00000125430	HS3ST3B1	HS3ST3B1
ENSG00000125450	NUP85	NUP85
ENSG00000125454	SLC25A19	SLC25A19
ENSG00000125458	NT5C	NT5C
ENSG00000125484	GTF3C4	GTF3C4
ENSG00000125505	MBOAT7	MBOAT7
ENSG00000125630	POLR1B	POLR1B
ENSG00000125772	GPCPD1	GPCPD1
ENSG00000125779	PANK2	PANK2
ENSG00000125780	TGM3	TGM3
ENSG00000125877	ITPA	ITPA
ENSG00000125954	CHURC1-FNTB	CHURC1-FNTB
ENSG00000126088	UROD	UROD
ENSG00000126091	ST3GAL3	ST3GAL3
ENSG00000126107	HECTD3	HECTD3
ENSG00000126261	UBA2	UBA2
ENSG00000126267	COX6B1	COX6B1
ENSG00000126368	NR1D1	NR1D1
ENSG00000126432	PRDX5	PRDX5
ENSG00000126522	ASL	ASL
ENSG00000126821	SGPP1	SGPP1
ENSG00000126883	NUP214	NUP214
ENSG00000127080	IPPK	IPPK
ENSG00000127125	PPCS	PPCS
ENSG00000127184	COX7C	COX7C
ENSG00000127415	IDUA	IDUA
ENSG00000127445	PIN1	PIN1
ENSG00000127472	PLA2G5	PLA2G5
ENSG00000127481	UBR4	UBR4
ENSG00000127540	UQCR11	UQCR11
ENSG00000127884	ECHS1	ECHS1
ENSG00000127948	POR	POR
ENSG00000128039	SRD5A3	SRD5A3
ENSG00000128050	PAICS	PAICS
ENSG00000128059	PPAT	PPAT
ENSG00000128242	GAL3ST1	GAL3ST1
ENSG00000128268	MGAT3	MGAT3
ENSG00000128274	A4GALT	A4GALT
ENSG00000128294	TPST2	TPST2
ENSG00000128309	MPST	MPST
ENSG00000128311	TST	TST
ENSG00000128524	ATP6V1F	ATP6V1F
ENSG00000128609	NDUFA5	NDUFA5
ENSG00000128655	PDE11A	PDE11A
ENSG00000128683	GAD1	GAD1
ENSG00000128708	HAT1	HAT1
ENSG00000128731	HERC2	HERC2
ENSG00000128918	ALDH1A2	ALDH1A2
ENSG00000128928	IVD	IVD
ENSG00000128951	DUT	DUT
ENSG00000129083	COPB1	COPB1
ENSG00000129128	SPCS3	SPCS3
ENSG00000129151	BBOX1	BBOX1
ENSG00000129167	TPH1	TPH1
ENSG00000129187	DCTD	DCTD
ENSG00000129204	USP6	USP6
ENSG00000129219	PLD2	PLD2
ENSG00000129244	ATP1B2	ATP1B2
ENSG00000129353	SLC44A2	SLC44A2
ENSG00000129467	ADCY4	ADCY4
ENSG00000129484	PARP2	PARP2
ENSG00000129562	DAD1	DAD1
ENSG00000129596	CDO1	CDO1
ENSG00000129673	AANAT	AANAT
ENSG00000129744	ART1	ART1
ENSG00000129873	CDY2B	CDY2B
ENSG00000129951	PLPPR3	PLPPR3
ENSG00000130005	GAMT	GAMT
ENSG00000130035	GALNT8	GALNT8
ENSG00000130052	STARD8	STARD8
ENSG00000130055	GDPD2	GDPD2
ENSG00000130066	SAT1	SAT1
ENSG00000130164	LDLR	LDLR
ENSG00000130203	APOE	APOE
ENSG00000130208	APOC1	APOC1
ENSG00000130227	XPO7	XPO7
ENSG00000130234	ACE2	ACE2
ENSG00000130304	SLC27A1	SLC27A1
ENSG00000130309	COLGALT1	COLGALT1
ENSG00000130313	PGLS	PGLS
ENSG00000130377	ACSBG2	ACSBG2
ENSG00000130383	FUT5	FUT5
ENSG00000130414	NDUFA10	NDUFA10
ENSG00000130508	PXDN	PXDN
ENSG00000130540	SULT4A1	SULT4A1
ENSG00000130649	CYP2E1	CYP2E1
ENSG00000130653	PNPLA7	PNPLA7
ENSG00000130707	ASS1	ASS1
ENSG00000130714	POMT1	POMT1
ENSG00000130717	UCK1	UCK1
ENSG00000130725	UBE2M	UBE2M
ENSG00000130816	DNMT1	DNMT1
ENSG00000130821	SLC6A8	SLC6A8
ENSG00000130822	PNCK	PNCK
ENSG00000130876	SLC7A10	SLC7A10
ENSG00000130939	UBE4B	UBE4B
ENSG00000130948	HSD17B3	HSD17B3
ENSG00000130957	FBP2	FBP2
ENSG00000130958	SLC35D2	SLC35D2
ENSG00000130985	UBA1	UBA1
ENSG00000130988	RGN	RGN
ENSG00000130997	POLN	POLN
ENSG00000131013	PPIL4	PPIL4
ENSG00000131055	COX4I2	COX4I2
ENSG00000131067	GGT7	GGT7
ENSG00000131069	ACSS2	ACSS2
ENSG00000131100	ATP6V1E1	ATP6V1E1
ENSG00000131143	COX4I1	COX4I1
ENSG00000131174	COX7B	COX7B
ENSG00000131183	SLC34A1	SLC34A1
ENSG00000131203	IDO1	IDO1
ENSG00000131238	PPT1	PPT1
ENSG00000131373	HACL1	HACL1
ENSG00000131386	GALNT15	GALNT15
ENSG00000131389	SLC6A6	SLC6A6
ENSG00000131446	MGAT1	MGAT1
ENSG00000131459	GFPT2	GFPT2
ENSG00000131471	AOC3	AOC3
ENSG00000131473	ACLY	ACLY
ENSG00000131480	AOC2	AOC2
ENSG00000131482	G6PC1	G6PC1
ENSG00000131495	NDUFA2	NDUFA2
ENSG00000131508	UBE2D2	UBE2D2
ENSG00000131653	TRAF7	TRAF7
ENSG00000131686	CA6	CA6
ENSG00000131730	CKMT2	CKMT2
ENSG00000131748	STARD3	STARD3
ENSG00000131781	FMO5	FMO5
ENSG00000131828	PDHA1	PDHA1
ENSG00000131844	MCCC2	MCCC2
ENSG00000131864	USP29	USP29
ENSG00000131873	CHSY1	CHSY1
ENSG00000131979	GCH1	GCH1
ENSG00000132164	SLC6A11	SLC6A11
ENSG00000132182	NUP210	NUP210
ENSG00000132196	HSD17B7	HSD17B7
ENSG00000132256	TRIM5	TRIM5
ENSG00000132330	SCLY	SCLY
ENSG00000132376	INPP5K	INPP5K
ENSG00000132388	UBE2G1	UBE2G1
ENSG00000132423	COQ3	COQ3
ENSG00000132437	DDC	DDC
ENSG00000132517	SLC52A1	SLC52A1
ENSG00000132518	GUCY2D	GUCY2D
ENSG00000132570	PCBD2	PCBD2
ENSG00000132664	POLR3F	POLR3F
ENSG00000132677	RHBG	RHBG
ENSG00000132681	ATP1A4	ATP1A4
ENSG00000132744	ACY3	ACY3
ENSG00000132746	ALDH3B2	ALDH3B2
ENSG00000132793	LPIN3	LPIN3
ENSG00000132837	DMGDH	DMGDH
ENSG00000132840	BHMT2	BHMT2
ENSG00000132874	SLC14A2	SLC14A2
ENSG00000132915	PDE6A	PDE6A
ENSG00000132958	TPTE2	TPTE2
ENSG00000133027	PEMT	PEMT
ENSG00000133048	CHI3L1	CHI3L1
ENSG00000133056	PIK3C2B	PIK3C2B
ENSG00000133063	CHIT1	CHIT1
ENSG00000133065	SLC41A1	SLC41A1
ENSG00000133116	KL	KL
ENSG00000133121	STARD13	STARD13
ENSG00000133135	RNF128	RNF128
ENSG00000133247	KMT5C	KMT5C
ENSG00000133256	PDE6B	PDE6B
ENSG00000133275	CSNK1G2	CSNK1G2
ENSG00000133313	CNDP2	CNDP2
ENSG00000133315	MACROD1	MACROD1
ENSG00000133328	PLAAT2	PLAAT2
ENSG00000133433	GSTT2B	GSTT2B
ENSG00000133460	SLC2A11	SLC2A11
ENSG00000133606	MKRN1	MKRN1
ENSG00000133706	LARS1	LARS1
ENSG00000133731	IMPA1	IMPA1
ENSG00000133742	CA1	CA1
ENSG00000133805	AMPD3	AMPD3
ENSG00000133835	HSD17B4	HSD17B4
ENSG00000134013	LOXL2	LOXL2
ENSG00000134014	ELP3	ELP3
ENSG00000134184	GSTM1	GSTM1
ENSG00000134201	GSTM5	GSTM5
ENSG00000134202	GSTM3	GSTM3
ENSG00000134216	CHIA	CHIA
ENSG00000134240	HMGCS2	HMGCS2
ENSG00000134255	CEPT1	CEPT1
ENSG00000134285	FKBP11	FKBP11
ENSG00000134294	SLC38A2	SLC38A2
ENSG00000134324	LPIN1	LPIN1
ENSG00000134326	CMPK2	CMPK2
ENSG00000134333	LDHA	LDHA
ENSG00000134440	NARS1	NARS1
ENSG00000134538	SLCO1B1	SLCO1B1
ENSG00000134575	ACP2	ACP2
ENSG00000134588	USP26	USP26
ENSG00000134684	YARS1	YARS1
ENSG00000134716	CYP2J2	CYP2J2
ENSG00000134744	TUT4	TUT4
ENSG00000134758	RNF138	RNF138
ENSG00000134780	DAGLA	DAGLA
ENSG00000134812	CBLIF	CBLIF
ENSG00000134824	FADS2	FADS2
ENSG00000134852	CLOCK	CLOCK
ENSG00000134864	GGACT	GGACT
ENSG00000134882	UBAC2	UBAC2
ENSG00000134910	STT3A	STT3A
ENSG00000135002	RFK	RFK
ENSG00000135047	CTSL	CTSL
ENSG00000135069	PSAT1	PSAT1
ENSG00000135093	USP30	USP30
ENSG00000135094	SDS	SDS
ENSG00000135218	CD36	CD36
ENSG00000135220	UGT2A3	UGT2A3
ENSG00000135226	UGT2B28	UGT2B28
ENSG00000135241	PNPLA8	PNPLA8
ENSG00000135318	NT5E	NT5E
ENSG00000135372	NAT10	NAT10
ENSG00000135390	ATP5MC2	ATP5MC2
ENSG00000135423	GLS2	GLS2
ENSG00000135437	RDH5	RDH5
ENSG00000135454	B4GALNT1	B4GALNT1
ENSG00000135587	SMPD2	SMPD2
ENSG00000135655	USP15	USP15
ENSG00000135677	GNS	GNS
ENSG00000135679	MDM2	MDM2
ENSG00000135697	BCO1	BCO1
ENSG00000135702	CHST5	CHST5
ENSG00000135740	SLC9A5	SLC9A5
ENSG00000135744	AGT	AGT
ENSG00000135778	NTPCR	NTPCR
ENSG00000135821	GLUL	GLUL
ENSG00000135838	NPL	NPL
ENSG00000135845	PIGC	PIGC
ENSG00000135913	USP37	USP37
ENSG00000135917	SLC19A3	SLC19A3
ENSG00000135929	CYP27A1	CYP27A1
ENSG00000135940	COX5B	COX5B
ENSG00000136010	ALDH1L2	ALDH1L2
ENSG00000136014	USP44	USP44
ENSG00000136052	SLC41A2	SLC41A2
ENSG00000136143	SUCLA2	SUCLA2
ENSG00000136169	SETDB2	SETDB2
ENSG00000136213	CHST12	CHST12
ENSG00000136243	NUP42	NUP42
ENSG00000136247	ZDHHC4	ZDHHC4
ENSG00000136250	AOAH	AOAH
ENSG00000136267	DGKB	DGKB
ENSG00000136371	MTHFS	MTHFS
ENSG00000136381	IREB2	IREB2
ENSG00000136448	NMT1	NMT1
ENSG00000136504	KAT7	KAT7
ENSG00000136521	NDUFB5	NDUFB5
ENSG00000136536	MARCHF7	MARCHF7
ENSG00000136542	GALNT5	GALNT5
ENSG00000136628	EPRS1	EPRS1
ENSG00000136699	SMPD4	SMPD4
ENSG00000136720	HS6ST1	HS6ST1
ENSG00000136731	UGGT1	UGGT1
ENSG00000136750	GAD2	GAD2
ENSG00000136810	TXN	TXN
ENSG00000136840	ST6GALNAC4	ST6GALNAC4
ENSG00000136856	SLC2A8	SLC2A8
ENSG00000136868	SLC31A1	SLC31A1
ENSG00000136872	ALDOB	ALDOB
ENSG00000136877	FPGS	FPGS
ENSG00000136878	USP20	USP20
ENSG00000136881	BAAT	BAAT
ENSG00000136888	ATP6V1G1	ATP6V1G1
ENSG00000136908	DPM2	DPM2
ENSG00000136943	CTSV	CTSV
ENSG00000136960	ENPP2	ENPP2
ENSG00000137054	POLR1E	POLR1E
ENSG00000137106	GRHPR	GRHPR
ENSG00000137124	ALDH1B1	ALDH1B1
ENSG00000137168	PPIL1	PPIL1
ENSG00000137198	GMPR	GMPR
ENSG00000137200	CMTR1	CMTR1
ENSG00000137204	SLC22A7	SLC22A7
ENSG00000137364	TPMT	TPMT
ENSG00000137392	CLPS	CLPS
ENSG00000137393	RNF144B	RNF144B
ENSG00000137491	SLCO2B1	SLCO2B1
ENSG00000137563	GGH	GGH
ENSG00000137574	TGS1	TGS1
ENSG00000137700	SLC37A4	SLC37A4
ENSG00000137731	FXYD2	FXYD2
ENSG00000137770	CTDSPL2	CTDSPL2
ENSG00000137817	PARP6	PARP6
ENSG00000137825	ITPKA	ITPKA
ENSG00000137841	PLCB2	PLCB2
ENSG00000137857	DUOX1	DUOX1
ENSG00000137860	SLC28A2	SLC28A2
ENSG00000137868	STRA6	STRA6
ENSG00000137869	CYP19A1	CYP19A1
ENSG00000137944	KYAT3	KYAT3
ENSG00000137968	SLC44A5	SLC44A5
ENSG00000137992	DBT	DBT
ENSG00000137996	RTCA	RTCA
ENSG00000138018	SELENOI	SELENOI
ENSG00000138029	HADHB	HADHB
ENSG00000138030	KHK	KHK
ENSG00000138031	ADCY3	ADCY3
ENSG00000138061	CYP1B1	CYP1B1
ENSG00000138074	SLC5A6	SLC5A6
ENSG00000138075	ABCG5	ABCG5
ENSG00000138079	SLC3A1	SLC3A1
ENSG00000138109	CYP2C9	CYP2C9
ENSG00000138115	CYP2C8	CYP2C8
ENSG00000138134	STAMBPL1	STAMBPL1
ENSG00000138135	CH25H	CH25H
ENSG00000138185	ENTPD1	ENTPD1
ENSG00000138193	PLCE1	PLCE1
ENSG00000138207	RBP4	RBP4
ENSG00000138356	AOX1	AOX1
ENSG00000138363	ATIC	ATIC
ENSG00000138376	BARD1	BARD1
ENSG00000138398	PPIG	PPIG
ENSG00000138400	MDH1B	MDH1B
ENSG00000138411	HECW2	HECW2
ENSG00000138413	IDH1	IDH1
ENSG00000138449	SLC40A1	SLC40A1
ENSG00000138496	PARP9	PARP9
ENSG00000138592	USP8	USP8
ENSG00000138604	GLCE	GLCE
ENSG00000138617	PARP16	PARP16
ENSG00000138621	PPCDC	PPCDC
ENSG00000138641	HERC3	HERC3
ENSG00000138653	NDST4	NDST4
ENSG00000138678	GPAT3	GPAT3
ENSG00000138735	PDE5A	PDE5A
ENSG00000138744	NAAA	NAAA
ENSG00000138750	NUP54	NUP54
ENSG00000138772	ANXA3	ANXA3
ENSG00000138777	PPA2	PPA2
ENSG00000138796	HADH	HADH
ENSG00000138801	PAPSS1	PAPSS1
ENSG00000138821	SLC39A8	SLC39A8
ENSG00000138823	MTTP	MTTP
ENSG00000138942	RNF185	RNF185
ENSG00000139044	B4GALNT3	B4GALNT3
ENSG00000139053	PDE6H	PDE6H
ENSG00000139133	ALG10	ALG10
ENSG00000139144	PIK3C2G	PIK3C2G
ENSG00000139151	PLCZ1	PLCZ1
ENSG00000139155	SLCO1C1	SLCO1C1
ENSG00000139163	ETNK1	ETNK1
ENSG00000139180	NDUFA9	NDUFA9
ENSG00000139209	SLC38A4	SLC38A4
ENSG00000139266	MARCHF9	MARCHF9
ENSG00000139278	GLIPR1	GLIPR1
ENSG00000139287	TPH2	TPH2
ENSG00000139304	PTPRQ	PTPRQ
ENSG00000139344	AMDHD1	AMDHD1
ENSG00000139370	SLC15A4	SLC15A4
ENSG00000139410	SDSL	SDSL
ENSG00000139428	MMAB	MMAB
ENSG00000139433	GLTP	GLTP
ENSG00000139496	NUP58	NUP58
ENSG00000139505	MTMR6	MTMR6
ENSG00000139514	SLC7A1	SLC7A1
ENSG00000139531	SUOX	SUOX
ENSG00000139540	SLC39A5	SLC39A5
ENSG00000139547	RDH16	RDH16
ENSG00000139624	CERS5	CERS5
ENSG00000139629	GALNT6	GALNT6
ENSG00000139631	CSAD	CSAD
ENSG00000139684	ESD	ESD
ENSG00000139718	SETD1B	SETD1B
ENSG00000139914	FITM1	FITM1
ENSG00000139977	NAA30	NAA30
ENSG00000139988	RDH12	RDH12
ENSG00000140057	AK7	AK7
ENSG00000140090	SLC24A4	SLC24A4
ENSG00000140105	WARS1	WARS1
ENSG00000140199	SLC12A6	SLC12A6
ENSG00000140263	SORD	SORD
ENSG00000140279	DUOX2	DUOX2
ENSG00000140284	SLC27A2	SLC27A2
ENSG00000140287	HDC	HDC
ENSG00000140297	GCNT3	GCNT3
ENSG00000140367	UBE2Q2	UBE2Q2
ENSG00000140374	ETFA	ETFA
ENSG00000140396	NCOA2	NCOA2
ENSG00000140400	MAN2C1	MAN2C1
ENSG00000140455	USP3	USP3
ENSG00000140459	CYP11A1	CYP11A1
ENSG00000140465	CYP1A1	CYP1A1
ENSG00000140505	CYP1A2	CYP1A2
ENSG00000140519	RHCG	RHCG
ENSG00000140521	POLG	POLG
ENSG00000140522	RLBP1	RLBP1
ENSG00000140534	TICRR	TICRR
ENSG00000140598	EFL1	EFL1
ENSG00000140612	SEC11A	SEC11A
ENSG00000140650	PMM2	PMM2
ENSG00000140675	SLC5A2	SLC5A2
ENSG00000140740	UQCRC2	UQCRC2
ENSG00000140795	MYLK3	MYLK3
ENSG00000140835	CHST4	CHST4
ENSG00000140905	GCSH	GCSH
ENSG00000140990	NDUFB10	NDUFB10
ENSG00000141012	GALNS	GALNS
ENSG00000141027	NCOR1	NCOR1
ENSG00000141096	DPEP3	DPEP3
ENSG00000141179	PCTP	PCTP
ENSG00000141279	NPEPPS	NPEPPS
ENSG00000141338	ABCA8	ABCA8
ENSG00000141349	G6PC3	G6PC3
ENSG00000141378	PTRH2	PTRH2
ENSG00000141401	IMPA2	IMPA2
ENSG00000141424	SLC39A6	SLC39A6
ENSG00000141429	GALNT1	GALNT1
ENSG00000141446	ESCO1	ESCO1
ENSG00000141458	NPC1	NPC1
ENSG00000141469	SLC14A1	SLC14A1
ENSG00000141485	SLC13A5	SLC13A5
ENSG00000141504	SAT2	SAT2
ENSG00000141506	PIK3R5	PIK3R5
ENSG00000141526	SLC16A3	SLC16A3
ENSG00000141552	ANAPC11	ANAPC11
ENSG00000141560	FN3KRP	FN3KRP
ENSG00000141698	NT5C3B	NT5C3B
ENSG00000141744	PNMT	PNMT
ENSG00000141756	FKBP10	FKBP10
ENSG00000141873	SLC39A3	SLC39A3
ENSG00000141934	PLPP2	PLPP2
ENSG00000141959	PFKL	PFKL
ENSG00000142046	TMEM91	TMEM91
ENSG00000142082	SIRT3	SIRT3
ENSG00000142102	PGGHG	PGGHG
ENSG00000142168	SOD1	SOD1
ENSG00000142182	DNMT3L	DNMT3L
ENSG00000142230	SAE1	SAE1
ENSG00000142273	CBLC	CBLC
ENSG00000142319	SLC6A3	SLC6A3
ENSG00000142453	CARM1	CARM1
ENSG00000142494	SLC47A1	SLC47A1
ENSG00000142513	ACP4	ACP4
ENSG00000142583	SLC2A5	SLC2A5
ENSG00000142619	PADI3	PADI3
ENSG00000142623	PADI1	PADI1
ENSG00000142657	PGD	PGD
ENSG00000142875	PRKACB	PRKACB
ENSG00000142892	PIGK	PIGK
ENSG00000142920	AZIN2	AZIN2
ENSG00000142973	CYP4B1	CYP4B1
ENSG00000143036	SLC44A3	SLC44A3
ENSG00000143149	ALDH9A1	ALDH9A1
ENSG00000143153	ATP1B1	ATP1B1
ENSG00000143156	NME7	NME7
ENSG00000143158	MPC2	MPC2
ENSG00000143179	UCK2	UCK2
ENSG00000143198	MGST3	MGST3
ENSG00000143199	ADCY10	ADCY10
ENSG00000143207	COP1	COP1
ENSG00000143224	PPOX	PPOX
ENSG00000143252	SDHC	SDHC
ENSG00000143258	USP21	USP21
ENSG00000143278	F13B	F13B
ENSG00000143315	PIGM	PIGM
ENSG00000143344	RGL1	RGL1
ENSG00000143363	PRUNE1	PRUNE1
ENSG00000143379	SETDB1	SETDB1
ENSG00000143387	CTSK	CTSK
ENSG00000143393	PI4KB	PI4KB
ENSG00000143398	PIP5K1A	PIP5K1A
ENSG00000143418	CERS2	CERS2
ENSG00000143515	ATP8B2	ATP8B2
ENSG00000143552	NUP210L	NUP210L
ENSG00000143554	SLC27A3	SLC27A3
ENSG00000143570	SLC39A1	SLC39A1
ENSG00000143595	AQP10	AQP10
ENSG00000143627	PKLR	PKLR
ENSG00000143641	GALNT2	GALNT2
ENSG00000143653	SCCPDH	SCCPDH
ENSG00000143753	DEGS1	DEGS1
ENSG00000143772	ITPKB	ITPKB
ENSG00000143774	GUK1	GUK1
ENSG00000143797	MBOAT2	MBOAT2
ENSG00000143799	PARP1	PARP1
ENSG00000143811	PYCR2	PYCR2
ENSG00000143815	LBR	LBR
ENSG00000143819	EPHX1	EPHX1
ENSG00000143845	ETNK2	ETNK2
ENSG00000143870	PDIA6	PDIA6
ENSG00000143882	ATP6V1C2	ATP6V1C2
ENSG00000143891	GALM	GALM
ENSG00000143921	ABCG8	ABCG8
ENSG00000143933	CALM2	CALM2
ENSG00000144035	NAT8	NAT8
ENSG00000144048	DUSP11	DUSP11
ENSG00000144057	ST6GAL2	ST6GAL2
ENSG00000144136	SLC20A1	SLC20A1
ENSG00000144182	LIPT1	LIPT1
ENSG00000144231	POLR2D	POLR2D
ENSG00000144278	GALNT13	GALNT13
ENSG00000144290	SLC4A10	SLC4A10
ENSG00000144357	UBR3	UBR3
ENSG00000144362	PHOSPHO2	PHOSPHO2
ENSG00000144583	MARCHF4	MARCHF4
ENSG00000144659	SLC25A38	SLC25A38
ENSG00000144741	SLC25A26	SLC25A26
ENSG00000144744	UBA3	UBA3
ENSG00000144843	ADPRH	ADPRH
ENSG00000144908	ALDH1L1	ALDH1L1
ENSG00000145020	AMT	AMT
ENSG00000145214	DGKQ	DGKQ
ENSG00000145217	SLC26A1	SLC26A1
ENSG00000145283	SLC10A6	SLC10A6
ENSG00000145284	SCD5	SCD5
ENSG00000145293	ENOPH1	ENOPH1
ENSG00000145321	GC	GC
ENSG00000145337	PYURF	PYURF
ENSG00000145384	FABP2	FABP2
ENSG00000145391	SETD7	SETD7
ENSG00000145416	MARCHF1	MARCHF1
ENSG00000145439	CBR4	CBR4
ENSG00000145476	CYP4V2	CYP4V2
ENSG00000145494	NDUFS6	NDUFS6
ENSG00000145495	MARCHF6	MARCHF6
ENSG00000145545	SRD5A1	SRD5A1
ENSG00000145626	UGT3A1	UGT3A1
ENSG00000145675	PIK3R1	PIK3R1
ENSG00000145692	BHMT	BHMT
ENSG00000145725	PPIP5K2	PPIP5K2
ENSG00000145730	PAM	PAM
ENSG00000145949	MYLK4	MYLK4
ENSG00000146039	SLC17A4	SLC17A4
ENSG00000146066	HIGD2A	HIGD2A
ENSG00000146070	PLA2G7	PLA2G7
ENSG00000146085	MMUT	MMUT
ENSG00000146151	HMGCLL1	HMGCLL1
ENSG00000146233	CYP39A1	CYP39A1
ENSG00000146373	RNF217	RNF217
ENSG00000146411	SLC2A12	SLC2A12
ENSG00000146414	SHPRH	SHPRH
ENSG00000146477	SLC22A3	SLC22A3
ENSG00000146587	RBAK	RBAK
ENSG00000146648	EGFR	EGFR
ENSG00000146701	MDH2	MDH2
ENSG00000146733	PSPH	PSPH
ENSG00000147003	CLTRN	CLTRN
ENSG00000147100	SLC16A2	SLC16A2
ENSG00000147119	CHST7	CHST7
ENSG00000147123	NDUFB11	NDUFB11
ENSG00000147155	EBP	EBP
ENSG00000147160	AWAT2	AWAT2
ENSG00000147162	OGT	OGT
ENSG00000147224	PRPS1	PRPS1
ENSG00000147383	NSDHL	NSDHL
ENSG00000147408	CSGALNACT1	CSGALNACT1
ENSG00000147416	ATP6V1B2	ATP6V1B2
ENSG00000147454	SLC25A37	SLC25A37
ENSG00000147465	STAR	STAR
ENSG00000147471	PLPBP	PLPBP
ENSG00000147535	PLPP5	PLPP5
ENSG00000147548	NSD3	NSD3
ENSG00000147576	ADHFE1	ADHFE1
ENSG00000147606	SLC26A7	SLC26A7
ENSG00000147614	ATP6V0D2	ATP6V0D2
ENSG00000147647	DPYS	DPYS
ENSG00000147669	POLR2K	POLR2K
ENSG00000147684	NDUFB9	NDUFB9
ENSG00000147804	SLC39A4	SLC39A4
ENSG00000147813	NAPRT	NAPRT
ENSG00000147853	AK3	AK3
ENSG00000147854	UHRF2	UHRF2
ENSG00000147872	PLIN2	PLIN2
ENSG00000148090	AUH	AUH
ENSG00000148154	UGCG	UGCG
ENSG00000148218	ALAD	ALAD
ENSG00000148229	POLE3	POLE3
ENSG00000148288	GBGT1	GBGT1
ENSG00000148334	PTGES2	PTGES2
ENSG00000148344	PTGES	PTGES
ENSG00000148356	LRSAM1	LRSAM1
ENSG00000148377	IDI2	IDI2
ENSG00000148384	INPP5E	INPP5E
ENSG00000148459	PDSS1	PDSS1
ENSG00000148606	POLR3A	POLR3A
ENSG00000148634	HERC4	HERC4
ENSG00000148672	GLUD1	GLUD1
ENSG00000148795	CYP17A1	CYP17A1
ENSG00000148832	PAOX	PAOX
ENSG00000148834	GSTO1	GSTO1
ENSG00000148942	SLC5A12	SLC5A12
ENSG00000149016	TUT1	TUT1
ENSG00000149084	HSD17B12	HSD17B12
ENSG00000149089	APIP	APIP
ENSG00000149091	DGKZ	DGKZ
ENSG00000149124	GLYAT	GLYAT
ENSG00000149150	SLC43A1	SLC43A1
ENSG00000149313	AASDHPPT	AASDHPPT
ENSG00000149380	P4HA3	P4HA3
ENSG00000149435	GGTLC1	GGTLC1
ENSG00000149452	SLC22A8	SLC22A8
ENSG00000149476	TKFC	TKFC
ENSG00000149485	FADS1	FADS1
ENSG00000149527	PLCH2	PLCH2
ENSG00000149541	B3GAT3	B3GAT3
ENSG00000149742	SLC22A9	SLC22A9
ENSG00000149782	PLCB3	PLCB3
ENSG00000149809	TM7SF2	TM7SF2
ENSG00000149925	ALDOA	ALDOA
ENSG00000149929	HIRIP3	HIRIP3
ENSG00000150540	HNMT	HNMT
ENSG00000150656	CNDP1	CNDP1
ENSG00000150712	MTMR12	MTMR12
ENSG00000150768	DLAT	DLAT
ENSG00000150787	PTS	PTS
ENSG00000150867	PIP4K2A	PIP4K2A
ENSG00000151005	TKTL2	TKTL2
ENSG00000151012	SLC7A11	SLC7A11
ENSG00000151092	NGLY1	NGLY1
ENSG00000151093	OXSM	OXSM
ENSG00000151148	UBE3B	UBE3B
ENSG00000151151	IPMK	IPMK
ENSG00000151224	MAT1A	MAT1A
ENSG00000151229	SLC2A13	SLC2A13
ENSG00000151348	EXT2	EXT2
ENSG00000151360	ALLC	ALLC
ENSG00000151366	NDUFC2	NDUFC2
ENSG00000151376	ME3	ME3
ENSG00000151418	ATP6V1G3	ATP6V1G3
ENSG00000151498	ACAD8	ACAD8
ENSG00000151552	QDPR	QDPR
ENSG00000151576	QTRT2	QTRT2
ENSG00000151611	MMAA	MMAA
ENSG00000151632	AKR1C2	AKR1C2
ENSG00000151665	PIGF	PIGF
ENSG00000151689	INPP1	INPP1
ENSG00000151692	RNF144A	RNF144A
ENSG00000151726	ACSL1	ACSL1
ENSG00000151729	SLC25A4	SLC25A4
ENSG00000151790	TDO2	TDO2
ENSG00000151883	PARP8	PARP8
ENSG00000152127	MGAT5	MGAT5
ENSG00000152234	ATP5F1A	ATP5F1A
ENSG00000152254	G6PC2	G6PC2
ENSG00000152256	PDK1	PDK1
ENSG00000152270	PDE3B	PDE3B
ENSG00000152402	GUCY1A2	GUCY1A2
ENSG00000152455	SUV39H2	SUV39H2
ENSG00000152463	OLAH	OLAH
ENSG00000152465	NMT2	NMT2
ENSG00000152484	USP12	USP12
ENSG00000152556	PFKM	PFKM
ENSG00000152620	NADK2	NADK2
ENSG00000152642	GPD1L	GPD1L
ENSG00000152683	SLC30A6	SLC30A6
ENSG00000152779	SLC16A12	SLC16A12
ENSG00000152782	PANK1	PANK1
ENSG00000152904	GGPS1	GGPS1
ENSG00000152952	PLOD2	PLOD2
ENSG00000153015	CWC27	CWC27
ENSG00000153086	ACMSD	ACMSD
ENSG00000153201	RANBP2	RANBP2
ENSG00000153207	AHCTF1	AHCTF1
ENSG00000153291	SLC25A27	SLC25A27
ENSG00000153395	LPCAT1	LPCAT1
ENSG00000153574	RPIA	RPIA
ENSG00000153786	ZDHHC7	ZDHHC7
ENSG00000153827	TRIP12	TRIP12
ENSG00000153904	DDAH1	DDAH1
ENSG00000153933	DGKE	DGKE
ENSG00000153936	HS2ST1	HS2ST1
ENSG00000153976	HS3ST3A1	HS3ST3A1
ENSG00000154025	SLC5A10	SLC5A10
ENSG00000154027	AK5	AK5
ENSG00000154080	CHST9	CHST9
ENSG00000154227	CERS3	CERS3
ENSG00000154252	GAL3ST2	GAL3ST2
ENSG00000154269	ENPP3	ENPP3
ENSG00000154305	MIA3	MIA3
ENSG00000154370	TRIM11	TRIM11
ENSG00000154447	SH3RF1	SH3RF1
ENSG00000154518	ATP5MC3	ATP5MC3
ENSG00000154678	PDE1C	PDE1C
ENSG00000154723	ATP5PF	ATP5PF
ENSG00000154914	USP43	USP43
ENSG00000154930	ACSS1	ACSS1
ENSG00000155016	CYP2U1	CYP2U1
ENSG00000155085	AK9	AK9
ENSG00000155097	ATP6V1C1	ATP6V1C1
ENSG00000155099	PIP4P2	PIP4P2
ENSG00000155189	AGPAT5	AGPAT5
ENSG00000155252	PI4K2A	PI4K2A
ENSG00000155287	SLC25A28	SLC25A28
ENSG00000155313	USP25	USP25
ENSG00000155368	DBI	DBI
ENSG00000155380	SLC16A1	SLC16A1
ENSG00000155465	SLC7A7	SLC7A7
ENSG00000155561	NUP205	NUP205
ENSG00000155660	PDIA4	PDIA4
ENSG00000155827	RNF20	RNF20
ENSG00000155850	SLC26A2	SLC26A2
ENSG00000155886	SLC24A2	SLC24A2
ENSG00000155893	PXYLP1	PXYLP1
ENSG00000155897	ADCY8	ADCY8
ENSG00000156006	NAT2	NAT2
ENSG00000156096	UGT2B4	UGT2B4
ENSG00000156110	ADK	ADK
ENSG00000156136	DCK	DCK
ENSG00000156219	ART3	ART3
ENSG00000156222	SLC28A1	SLC28A1
ENSG00000156256	USP16	USP16
ENSG00000156269	NAA11	NAA11
ENSG00000156411	ATP5MJ	ATP5MJ
ENSG00000156413	FUT6	FUT6
ENSG00000156463	SH3RF2	SH3RF2
ENSG00000156467	UQCRB	UQCRB
ENSG00000156471	PTDSS1	PTDSS1
ENSG00000156508	EEF1A1	EEF1A1
ENSG00000156510	HKDC1	HKDC1
ENSG00000156515	HK1	HK1
ENSG00000156587	UBE2L6	UBE2L6
ENSG00000156599	ZDHHC5	ZDHHC5
ENSG00000156650	KAT6B	KAT6B
ENSG00000156689	GLYATL2	GLYATL2
ENSG00000156795	NTAQ1	NTAQ1
ENSG00000156873	PHKG2	PHKG2
ENSG00000156885	COX6A2	COX6A2
ENSG00000156958	GALK2	GALK2
ENSG00000156966	B3GNT7	B3GNT7
ENSG00000156983	BRPF1	BRPF1
ENSG00000157020	SEC13	SEC13
ENSG00000157045	NTAN1	NTAN1
ENSG00000157064	NMNAT2	NMNAT2
ENSG00000157087	ATP2B2	ATP2B2
ENSG00000157103	SLC6A1	SLC6A1
ENSG00000157184	CPT2	CPT2
ENSG00000157326	DHRS4	DHRS4
ENSG00000157349	DDX19B	DDX19B
ENSG00000157350	ST3GAL2	ST3GAL2
ENSG00000157353	FCSK	FCSK
ENSG00000157399	ARSL	ARSL
ENSG00000157426	AASDH	AASDH
ENSG00000157593	SLC35B2	SLC35B2
ENSG00000157680	DGKI	DGKI
ENSG00000157765	SLC34A2	SLC34A2
ENSG00000157881	PANK4	PANK4
ENSG00000158006	PAFAH2	PAFAH2
ENSG00000158008	EXTL1	EXTL1
ENSG00000158019	BABAM2	BABAM2
ENSG00000158022	TRIM63	TRIM63
ENSG00000158089	GALNT14	GALNT14
ENSG00000158104	HPD	HPD
ENSG00000158125	XDH	XDH
ENSG00000158296	SLC13A3	SLC13A3
ENSG00000158467	AHCYL2	AHCYL2
ENSG00000158470	B4GALT5	B4GALT5
ENSG00000158516	CPA2	CPA2
ENSG00000158525	CPA5	CPA5
ENSG00000158571	PFKFB1	PFKFB1
ENSG00000158578	ALAS2	ALAS2
ENSG00000158623	COPG2	COPG2
ENSG00000158669	GPAT4	GPAT4
ENSG00000158786	PLA2G2F	PLA2G2F
ENSG00000158825	CDA	CDA
ENSG00000158850	B4GALT3	B4GALT3
ENSG00000158864	NDUFS2	NDUFS2
ENSG00000158865	SLC5A11	SLC5A11
ENSG00000158874	APOA2	APOA2
ENSG00000159063	ALG8	ALG8
ENSG00000159082	SYNJ1	SYNJ1
ENSG00000159131	GART	GART
ENSG00000159199	ATP5MC1	ATP5MC1
ENSG00000159202	UBE2Z	UBE2Z
ENSG00000159228	CBR1	CBR1
ENSG00000159231	CBR3	CBR3
ENSG00000159267	HLCS	HLCS
ENSG00000159322	ADPGK	ADPGK
ENSG00000159337	PLA2G4D	PLA2G4D
ENSG00000159339	PADI4	PADI4
ENSG00000159348	CYB5R1	CYB5R1
ENSG00000159398	CES5A	CES5A
ENSG00000159399	HK2	HK2
ENSG00000159423	ALDH4A1	ALDH4A1
ENSG00000159433	STARD9	STARD9
ENSG00000159459	UBR1	UBR1
ENSG00000159461	AMFR	AMFR
ENSG00000159495	TGM7	TGM7
ENSG00000159527	PGLYRP3	PGLYRP3
ENSG00000159593	NAE1	NAE1
ENSG00000159640	ACE	ACE
ENSG00000159650	UROC1	UROC1
ENSG00000159692	CTBP1	CTBP1
ENSG00000159714	ZDHHC1	ZDHHC1
ENSG00000159720	ATP6V0D1	ATP6V0D1
ENSG00000159899	NPR2	NPR2
ENSG00000159921	GNE	GNE
ENSG00000160014	CALM3	CALM3
ENSG00000160087	UBE2J2	UBE2J2
ENSG00000160179	ABCG1	ABCG1
ENSG00000160190	SLC37A1	SLC37A1
ENSG00000160191	PDE9A	PDE9A
ENSG00000160194	NDUFV3	NDUFV3
ENSG00000160200	CBS	CBS
ENSG00000160209	PDXK	PDXK
ENSG00000160211	G6PD	G6PD
ENSG00000160216	AGPAT3	AGPAT3
ENSG00000160282	FTCD	FTCD
ENSG00000160285	LSS	LSS
ENSG00000160326	SLC2A6	SLC2A6
ENSG00000160408	ST6GALNAC6	ST6GALNAC6
ENSG00000160439	RDH13	RDH13
ENSG00000160446	ZDHHC12	ZDHHC12
ENSG00000160471	COX6B2	COX6B2
ENSG00000160688	FLAD1	FLAD1
ENSG00000160714	UBE2Q1	UBE2Q1
ENSG00000160752	FDPS	FDPS
ENSG00000160868	CYP3A4	CYP3A4
ENSG00000160870	CYP3A7	CYP3A7
ENSG00000160882	CYP11B1	CYP11B1
ENSG00000160883	HK3	HK3
ENSG00000161013	MGAT4B	MGAT4B
ENSG00000161031	PGLYRP2	PGLYRP2
ENSG00000161217	PCYT1A	PCYT1A
ENSG00000161267	BDH1	BDH1
ENSG00000161281	COX7A1	COX7A1
ENSG00000161513	FDXR	FDXR
ENSG00000161533	ACOX1	ACOX1
ENSG00000161653	NAGS	NAGS
ENSG00000161714	PLCD3	PLCD3
ENSG00000161798	AQP5	AQP5
ENSG00000161860	SYCE2	SYCE2
ENSG00000161896	IP6K3	IP6K3
ENSG00000161905	ALOX15	ALOX15
ENSG00000161980	POLR3K	POLR3K
ENSG00000162040	HS3ST6	HS3ST6
ENSG00000162066	AMDHD2	AMDHD2
ENSG00000162104	ADCY9	ADCY9
ENSG00000162139	NEU3	NEU3
ENSG00000162174	ASRGL1	ASRGL1
ENSG00000162298	SYVN1	SYVN1
ENSG00000162365	CYP4A22	CYP4A22
ENSG00000162368	CMPK1	CMPK1
ENSG00000162383	SLC1A7	SLC1A7
ENSG00000162390	ACOT11	ACOT11
ENSG00000162402	USP24	USP24
ENSG00000162407	PLPP3	PLPP3
ENSG00000162408	NOL9	NOL9
ENSG00000162433	AK4	AK4
ENSG00000162482	AKR7A3	AKR7A3
ENSG00000162496	DHRS3	DHRS3
ENSG00000162551	ALPL	ALPL
ENSG00000162607	USP1	USP1
ENSG00000162630	B3GALT2	B3GALT2
ENSG00000162688	AGL	AGL
ENSG00000162694	EXTL2	EXTL2
ENSG00000162695	SLC30A7	SLC30A7
ENSG00000162813	BPNT1	BPNT1
ENSG00000162836	ACP6	ACP6
ENSG00000162882	HAAO	HAAO
ENSG00000162885	B3GALNT2	B3GALNT2
ENSG00000163002	NUP35	NUP35
ENSG00000163012	ZSWIM2	ZSWIM2
ENSG00000163082	SGPP2	SGPP2
ENSG00000163106	HPGDS	HPGDS
ENSG00000163114	PDHA2	PDHA2
ENSG00000163131	CTSS	CTSS
ENSG00000163162	RNF149	RNF149
ENSG00000163218	PGLYRP4	PGLYRP4
ENSG00000163281	GNPDA2	GNPDA2
ENSG00000163283	ALPP	ALPP
ENSG00000163286	ALPG	ALPG
ENSG00000163295	ALPI	ALPI
ENSG00000163344	PMVK	PMVK
ENSG00000163352	LENEP	LENEP
ENSG00000163393	SLC22A15	SLC22A15
ENSG00000163399	ATP1A1	ATP1A1
ENSG00000163406	SLC15A2	SLC15A2
ENSG00000163481	RNF25	RNF25
ENSG00000163521	GLB1L	GLB1L
ENSG00000163527	STT3B	STT3B
ENSG00000163541	SUCLG1	SUCLG1
ENSG00000163581	SLC2A2	SLC2A2
ENSG00000163586	FABP1	FABP1
ENSG00000163590	PPM1L	PPM1L
ENSG00000163624	CDS1	CDS1
ENSG00000163631	ALB	ALB
ENSG00000163655	GMPS	GMPS
ENSG00000163659	TIPARP	TIPARP
ENSG00000163684	RPP14	RPP14
ENSG00000163686	ABHD6	ABHD6
ENSG00000163719	MTMR14	MTMR14
ENSG00000163738	MTHFD2L	MTHFD2L
ENSG00000163743	RCHY1	RCHY1
ENSG00000163751	CPA3	CPA3
ENSG00000163754	GYG1	GYG1
ENSG00000163755	HPS3	HPS3
ENSG00000163803	PLB1	PLB1
ENSG00000163810	TGM4	TGM4
ENSG00000163812	ZDHHC3	ZDHHC3
ENSG00000163817	SLC6A20	SLC6A20
ENSG00000163864	NMNAT3	NMNAT3
ENSG00000163882	POLR2H	POLR2H
ENSG00000163902	RPN1	RPN1
ENSG00000163931	TKT	TKT
ENSG00000163958	ZDHHC19	ZDHHC19
ENSG00000163959	SLC51A	SLC51A
ENSG00000163964	PIGX	PIGX
ENSG00000164023	SGMS2	SGMS2
ENSG00000164039	BDH2	BDH2
ENSG00000164068	RNF123	RNF123
ENSG00000164089	ETNPPL	ETNPPL
ENSG00000164100	NDST3	NDST3
ENSG00000164116	GUCY1A1	GUCY1A1
ENSG00000164120	HPGD	HPGD
ENSG00000164134	NAA15	NAA15
ENSG00000164172	MOCS2	MOCS2
ENSG00000164181	ELOVL7	ELOVL7
ENSG00000164197	RNF180	RNF180
ENSG00000164211	STARD4	STARD4
ENSG00000164258	NDUFS4	NDUFS4
ENSG00000164294	GPX8	GPX8
ENSG00000164303	ENPP6	ENPP6
ENSG00000164329	TENT2	TENT2
ENSG00000164347	GFM2	GFM2
ENSG00000164363	SLC6A18	SLC6A18
ENSG00000164398	ACSL6	ACSL6
ENSG00000164405	UQCRQ	UQCRQ
ENSG00000164414	SLC35A1	SLC35A1
ENSG00000164434	FABP7	FABP7
ENSG00000164466	SFXN1	SFXN1
ENSG00000164494	PDSS2	PDSS2
ENSG00000164535	DAGLB	DAGLB
ENSG00000164574	GALNT10	GALNT10
ENSG00000164638	SLC29A4	SLC29A4
ENSG00000164663	USP49	USP49
ENSG00000164687	FABP5	FABP5
ENSG00000164707	SLC13A4	SLC13A4
ENSG00000164708	PGAM2	PGAM2
ENSG00000164733	CTSB	CTSB
ENSG00000164742	ADCY1	ADCY1
ENSG00000164776	PHKG1	PHKG1
ENSG00000164867	NOS3	NOS3
ENSG00000164879	CA3	CA3
ENSG00000164889	SLC4A2	SLC4A2
ENSG00000164904	ALDH7A1	ALDH7A1
ENSG00000164919	COX6C	COX6C
ENSG00000164933	SLC25A32	SLC25A32
ENSG00000164951	PDP1	PDP1
ENSG00000164978	NUDT2	NUDT2
ENSG00000165029	ABCA1	ABCA1
ENSG00000165059	PRKACG	PRKACG
ENSG00000165060	FXN	FXN
ENSG00000165078	CPA6	CPA6
ENSG00000165092	ALDH1A1	ALDH1A1
ENSG00000165102	HGSNAT	HGSNAT
ENSG00000165140	FBP1	FBP1
ENSG00000165195	PIGA	PIGA
ENSG00000165264	NDUFB6	NDUFB6
ENSG00000165269	AQP7	AQP7
ENSG00000165272	AQP3	AQP3
ENSG00000165282	PIGO	PIGO
ENSG00000165338	HECTD2	HECTD2
ENSG00000165349	SLC7A3	SLC7A3
ENSG00000165406	MARCHF8	MARCHF8
ENSG00000165434	PGM2L1	PGM2L1
ENSG00000165449	SLC16A9	SLC16A9
ENSG00000165457	FOLR2	FOLR2
ENSG00000165458	INPPL1	INPPL1
ENSG00000165475	CRYL1	CRYL1
ENSG00000165526	RPUSD4	RPUSD4
ENSG00000165591	FAAH2	FAAH2
ENSG00000165609	NUDT5	NUDT5
ENSG00000165629	ATP5F1C	ATP5F1C
ENSG00000165646	SLC18A2	SLC18A2
ENSG00000165671	NSD1	NSD1
ENSG00000165672	PRDX3	PRDX3
ENSG00000165688	PMPCA	PMPCA
ENSG00000165695	AK8	AK8
ENSG00000165704	HPRT1	HPRT1
ENSG00000165782	PIP4P1	PIP4P1
ENSG00000165794	SLC39A2	SLC39A2
ENSG00000165819	METTL3	METTL3
ENSG00000165841	CYP2C19	CYP2C19
ENSG00000165970	SLC6A5	SLC6A5
ENSG00000165996	HACD1	HACD1
ENSG00000166016	ABTB2	ABTB2
ENSG00000166035	LIPC	LIPC
ENSG00000166123	GPT2	GPT2
ENSG00000166126	AMN	AMN
ENSG00000166135	HIF1AN	HIF1AN
ENSG00000166136	NDUFB8	NDUFB8
ENSG00000166165	CKB	CKB
ENSG00000166169	POLL	POLL
ENSG00000166183	ASPG	ASPG
ENSG00000166224	SGPL1	SGPL1
ENSG00000166228	PCBD1	PCBD1
ENSG00000166262	FAM227B	FAM227B
ENSG00000166311	SMPD1	SMPD1
ENSG00000166340	TPP1	TPP1
ENSG00000166349	RAG1	RAG1
ENSG00000166391	MOGAT2	MOGAT2
ENSG00000166394	CYB5R2	CYB5R2
ENSG00000166411	IDH3A	IDH3A
ENSG00000166479	TMX3	TMX3
ENSG00000166507	NDST2	NDST2
ENSG00000166548	TK2	TK2
ENSG00000166562	SEC11C	SEC11C
ENSG00000166741	NNMT	NNMT
ENSG00000166743	ACSM1	ACSM1
ENSG00000166747	AP1G1	AP1G1
ENSG00000166794	PPIB	PPIB
ENSG00000166796	LDHC	LDHC
ENSG00000166800	LDHAL6A	LDHAL6A
ENSG00000166816	LDHD	LDHD
ENSG00000166819	PLIN1	PLIN1
ENSG00000166821	PEX11A	PEX11A
ENSG00000166825	ANPEP	ANPEP
ENSG00000166840	GLYATL1	GLYATL1
ENSG00000166908	PIP4K2C	PIP4K2C
ENSG00000166948	TGM6	TGM6
ENSG00000166986	mars-01	MARS1
ENSG00000167004	PDIA3	PDIA3
ENSG00000167011	NAT16	NAT16
ENSG00000167080	B4GALNT2	B4GALNT2
ENSG00000167103	PIP5KL1	PIP5KL1
ENSG00000167107	ACSF2	ACSF2
ENSG00000167114	SLC27A4	SLC27A4
ENSG00000167130	DOLPP1	DOLPP1
ENSG00000167165	UGT1A6	UGT1A6
ENSG00000167186	COQ7	COQ7
ENSG00000167261	DPEP2	DPEP2
ENSG00000167280	ENGASE	ENGASE
ENSG00000167283	ATP5MG	ATP5MG
ENSG00000167306	MYO5B	MYO5B
ENSG00000167311	ART5	ART5
ENSG00000167315	ACAA2	ACAA2
ENSG00000167325	RRM1	RRM1
ENSG00000167363	FN3K	FN3K
ENSG00000167397	VKORC1	VKORC1
ENSG00000167419	LPO	LPO
ENSG00000167434	CA4	CA4
ENSG00000167468	GPX4	GPX4
ENSG00000167508	MVD	MVD
ENSG00000167531	LALBA	LALBA
ENSG00000167548	KMT2D	KMT2D
ENSG00000167580	AQP2	AQP2
ENSG00000167588	GPD1	GPD1
ENSG00000167600	CYP2S1	CYP2S1
ENSG00000167658	EEF2	EEF2
ENSG00000167676	PLIN4	PLIN4
ENSG00000167699	GLOD4	GLOD4
ENSG00000167701	GPT	GPT
ENSG00000167703	SLC43A2	SLC43A2
ENSG00000167720	SRR	SRR
ENSG00000167733	HSD11B1L	HSD11B1L
ENSG00000167741	GGT6	GGT6
ENSG00000167748	KLK1	KLK1
ENSG00000167751	KLK2	KLK2
ENSG00000167769	ACER1	ACER1
ENSG00000167772	ANGPTL4	ANGPTL4
ENSG00000167780	SOAT2	SOAT2
ENSG00000167792	NDUFV1	NDUFV1
ENSG00000167815	PRDX2	PRDX2
ENSG00000167862	MRPL58	MRPL58
ENSG00000167863	ATP5PD	ATP5PD
ENSG00000167889	MGAT5B	MGAT5B
ENSG00000167900	TK1	TK1
ENSG00000167910	CYP7A1	CYP7A1
ENSG00000167969	ECI1	ECI1
ENSG00000167972	ABCA3	ABCA3
ENSG00000167996	FTH1	FTH1
ENSG00000168000	BSCL2	BSCL2
ENSG00000168002	POLR2G	POLR2G
ENSG00000168003	SLC3A2	SLC3A2
ENSG00000168032	ENTPD3	ENTPD3
ENSG00000168065	SLC22A11	SLC22A11
ENSG00000168092	PAFAH1B2	PAFAH1B2
ENSG00000168137	SETD5	SETD5
ENSG00000168159	RNF187	RNF187
ENSG00000168237	GLYCTK	GLYCTK
ENSG00000168282	MGAT2	MGAT2
ENSG00000168291	PDHB	PDHB
ENSG00000168306	ACOX2	ACOX2
ENSG00000168350	DEGS2	DEGS2
ENSG00000168393	DTYMK	DTYMK
ENSG00000168411	RFWD3	RFWD3
ENSG00000168487	BMP1	BMP1
ENSG00000168495	POLR3D	POLR3D
ENSG00000168522	FNTA	FNTA
ENSG00000168575	SLC20A2	SLC20A2
ENSG00000168653	NDUFS5	NDUFS5
ENSG00000168671	UGT3A2	UGT3A2
ENSG00000168679	SLC16A4	SLC16A4
ENSG00000168710	AHCYL1	AHCYL1
ENSG00000168748	CA7	CA7
ENSG00000168765	GSTM4	GSTM4
ENSG00000168781	PPIP5K1	PPIP5K1
ENSG00000168827	GFM1	GFM1
ENSG00000168906	MAT2A	MAT2A
ENSG00000168907	PLA2G4F	PLA2G4F
ENSG00000168918	INPP5D	INPP5D
ENSG00000168938	PPIC	PPIC
ENSG00000168970	JMJD7-PLA2G4B	JMJD7-PLA2G4B
ENSG00000169020	ATP5ME	ATP5ME
ENSG00000169021	UQCRFS1	UQCRFS1
ENSG00000169100	SLC25A6	SLC25A6
ENSG00000169105	CHST14	CHST14
ENSG00000169154	GOT1L1	GOT1L1
ENSG00000169169	CPT1C	CPT1C
ENSG00000169180	XPO6	XPO6
ENSG00000169239	CA5B	CA5B
ENSG00000169255	B3GALNT1	B3GALNT1
ENSG00000169299	PGM2	PGM2
ENSG00000169359	SLC33A1	SLC33A1
ENSG00000169375	SIN3A	SIN3A
ENSG00000169418	NPR1	NPR1
ENSG00000169660	HEXD	HEXD
ENSG00000169692	AGPAT2	AGPAT2
ENSG00000169710	FASN	FASN
ENSG00000169738	DCXR	DCXR
ENSG00000169764	UGP2	UGP2
ENSG00000169814	BTD	BTD
ENSG00000169826	CSGALNACT2	CSGALNACT2
ENSG00000169902	TPST1	TPST1
ENSG00000169919	GUSB	GUSB
ENSG00000170035	UBE2E3	UBE2E3
ENSG00000170142	UBE2E1	UBE2E1
ENSG00000170185	USP38	USP38
ENSG00000170190	SLC16A5	SLC16A5
ENSG00000170191	NANP	NANP
ENSG00000170222	ADPRM	ADPRM
ENSG00000170231	FABP6	FABP6
ENSG00000170242	USP47	USP47
ENSG00000170266	GLB1	GLB1
ENSG00000170271	FAXDC2	FAXDC2
ENSG00000170323	FABP4	FABP4
ENSG00000170340	B3GNT2	B3GNT2
ENSG00000170364	SETMAR	SETMAR
ENSG00000170385	SLC30A1	SLC30A1
ENSG00000170426	SDR9C7	SDR9C7
ENSG00000170430	MGMT	MGMT
ENSG00000170445	HARS1	HARS1
ENSG00000170482	SLC23A1	SLC23A1
ENSG00000170485	NPAS2	NPAS2
ENSG00000170502	NUDT9	NUDT9
ENSG00000170516	COX7B2	COX7B2
ENSG00000170522	ELOVL6	ELOVL6
ENSG00000170525	PFKFB3	PFKFB3
ENSG00000170634	ACYP2	ACYP2
ENSG00000170734	POLH	POLH
ENSG00000170786	SDR16C5	SDR16C5
ENSG00000170832	USP32	USP32
ENSG00000170835	CEL	CEL
ENSG00000170881	RNF139	RNF139
ENSG00000170890	PLA2G1B	PLA2G1B
ENSG00000170899	GSTA4	GSTA4
ENSG00000170906	NDUFA3	NDUFA3
ENSG00000170950	PGK2	PGK2
ENSG00000170961	HAS2	HAS2
ENSG00000171004	HS6ST2	HS6ST2
ENSG00000171097	KYAT1	KYAT1
ENSG00000171100	MTM1	MTM1
ENSG00000171124	FUT3	FUT3
ENSG00000171155	C1GALT1C1	C1GALT1C1
ENSG00000171174	RBKS	RBKS
ENSG00000171234	UGT2B7	UGT2B7
ENSG00000171298	GAA	GAA
ENSG00000171302	CANT1	CANT1
ENSG00000171307	ZDHHC16	ZDHHC16
ENSG00000171310	CHST11	CHST11
ENSG00000171314	PGAM1	PGAM1
ENSG00000171320	ESCO2	ESCO2
ENSG00000171408	PDE7B	PDE7B
ENSG00000171428	NAT1	NAT1
ENSG00000171453	POLR1C	POLR1C
ENSG00000171497	PPID	PPID
ENSG00000171503	ETFDH	ETFDH
ENSG00000171560	FGA	FGA
ENSG00000171608	PIK3CD	PIK3CD
ENSG00000171720	HDAC3	HDAC3
ENSG00000171723	GPHN	GPHN
ENSG00000171759	PAH	PAH
ENSG00000171766	GATM	GATM
ENSG00000171793	CTPS1	CTPS1
ENSG00000171848	RRM2	RRM2
ENSG00000171862	PTEN	PTEN
ENSG00000171885	AQP4	AQP4
ENSG00000171903	CYP4F11	CYP4F11
ENSG00000171954	CYP4F22	CYP4F22
ENSG00000171960	PPIH	PPIH
ENSG00000171989	LDHAL6B	LDHAL6B
ENSG00000172009	THOP1	THOP1
ENSG00000172046	USP19	USP19
ENSG00000172053	QARS1	QARS1
ENSG00000172113	NME6	NME6
ENSG00000172197	MBOAT1	MBOAT1
ENSG00000172236	TPSAB1	TPSAB1
ENSG00000172264	MACROD2	MACROD2
ENSG00000172269	DPAGT1	DPAGT1
ENSG00000172288	CDY1	CDY1
ENSG00000172292	CERS6	CERS6
ENSG00000172296	SPTLC3	SPTLC3
ENSG00000172318	B3GALT1	B3GALT1
ENSG00000172331	BPGM	BPGM
ENSG00000172339	ALG14	ALG14
ENSG00000172340	SUCLG2	SUCLG2
ENSG00000172345	STARD5	STARD5
ENSG00000172352	CDY1B	CDY1B
ENSG00000172456	FGGY	FGGY
ENSG00000172461	FUT9	FUT9
ENSG00000172482	AGXT	AGXT
ENSG00000172497	ACOT12	ACOT12
ENSG00000172508	CARNS1	CARNS1
ENSG00000172531	PPP1CA	PPP1CA
ENSG00000172543	CTSW	CTSW
ENSG00000172572	PDE3A	PDE3A
ENSG00000172613	RAD9A	RAD9A
ENSG00000172728	FUT10	FUT10
ENSG00000172782	FADS6	FADS6
ENSG00000172817	CYP7B1	CYP7B1
ENSG00000172828	CES3	CES3
ENSG00000172831	CES2	CES2
ENSG00000172840	PDP2	PDP2
ENSG00000172890	NADSYN1	NADSYN1
ENSG00000172893	DHCR7	DHCR7
ENSG00000172940	SLC22A13	SLC22A13
ENSG00000172954	LCLAT1	LCLAT1
ENSG00000172955	ADH6	ADH6
ENSG00000172977	KAT5	KAT5
ENSG00000172985	SH3RF3	SH3RF3
ENSG00000172987	HPSE2	HPSE2
ENSG00000173020	GRK2	GRK2
ENSG00000173083	HPSE	HPSE
ENSG00000173085	COQ2	COQ2
ENSG00000173175	ADCY5	ADCY5
ENSG00000173193	PARP14	PARP14
ENSG00000173200	PARP15	PARP15
ENSG00000173208	ABCD2	ABCD2
ENSG00000173221	GLRX	GLRX
ENSG00000173262	SLC2A14	SLC2A14
ENSG00000173273	TNKS	TNKS
ENSG00000173281	PPP1R3B	PPP1R3B
ENSG00000173418	NAA20	NAA20
ENSG00000173486	FKBP2	FKBP2
ENSG00000173540	GMPPB	GMPPB
ENSG00000173597	SULT1B1	SULT1B1
ENSG00000173598	NUDT4	NUDT4
ENSG00000173599	PC	PC
ENSG00000173610	UGT2A1	UGT2A1
ENSG00000173614	NMNAT1	NMNAT1
ENSG00000173627	APOBEC4	APOBEC4
ENSG00000173638	SLC19A1	SLC19A1
ENSG00000173660	UQCRH	UQCRH
ENSG00000173786	CNP	CNP
ENSG00000173838	MARCHF10	MARCHF10
ENSG00000173868	PHOSPHO1	PHOSPHO1
ENSG00000173915	ATP5MK	ATP5MK
ENSG00000173926	MARCHF3	MARCHF3
ENSG00000174080	CTSF	CTSF
ENSG00000174156	GSTA3	GSTA3
ENSG00000174165	ZDHHC24	ZDHHC24
ENSG00000174227	PIGG	PIGG
ENSG00000174233	ADCY6	ADCY6
ENSG00000174327	SLC16A13	SLC16A13
ENSG00000174358	SLC6A19	SLC6A19
ENSG00000174437	ATP2A2	ATP2A2
ENSG00000174448	STARD6	STARD6
ENSG00000174473	GALNTL6	GALNTL6
ENSG00000174502	SLC26A9	SLC26A9
ENSG00000174607	UGT8	UGT8
ENSG00000174640	SLCO2A1	SLCO2A1
ENSG00000174669	SLC29A2	SLC29A2
ENSG00000174684	B4GAT1	B4GAT1
ENSG00000174876	AMY1B	AMY1B
ENSG00000174886	NDUFA11	NDUFA11
ENSG00000174915	PTDSS2	PTDSS2
ENSG00000174951	FUT1	FUT1
ENSG00000174990	CA5A	CA5A
ENSG00000175003	SLC22A1	SLC22A1
ENSG00000175040	CHST2	CHST2
ENSG00000175048	ZDHHC14	ZDHHC14
ENSG00000175063	UBE2C	UBE2C
ENSG00000175066	GK5	GK5
ENSG00000175164	ABO	ABO
ENSG00000175198	PCCA	PCCA
ENSG00000175229	GAL3ST3	GAL3ST3
ENSG00000175264	CHST1	CHST1
ENSG00000175283	DOLK	DOLK
ENSG00000175309	PHYKPL	PHYKPL
ENSG00000175445	LPL	LPL
ENSG00000175482	POLD4	POLD4
ENSG00000175505	CLCF1	CLCF1
ENSG00000175535	PNLIP	PNLIP
ENSG00000175536	LIPT2	LIPT2
ENSG00000175548	ALG10B	ALG10B
ENSG00000175564	UCP3	UCP3
ENSG00000175567	UCP2	UCP2
ENSG00000175592	FOSL1	FOSL1
ENSG00000175711	B3GNTL1	B3GNTL1
ENSG00000175806	MSRA	MSRA
ENSG00000175809	CBLL2	CBLL2
ENSG00000175893	ZDHHC21	ZDHHC21
ENSG00000175931	UBE2O	UBE2O
ENSG00000176022	B3GALT6	B3GALT6
ENSG00000176095	IP6K1	IP6K1
ENSG00000176153	GPX2	GPX2
ENSG00000176170	SPHK1	SPHK1
ENSG00000176340	COX8A	COX8A
ENSG00000176383	B3GNT4	B3GNT4
ENSG00000176387	HSD11B2	HSD11B2
ENSG00000176393	RNPEP	RNPEP
ENSG00000176454	LPCAT4	LPCAT4
ENSG00000176463	SLCO3A1	SLCO3A1
ENSG00000176485	PLAAT3	PLAAT3
ENSG00000176597	B3GNT5	B3GNT5
ENSG00000176641	RNF152	RNF152
ENSG00000176715	ACSF3	ACSF3
ENSG00000176890	TYMS	TYMS
ENSG00000176920	FUT2	FUT2
ENSG00000176928	GCNT4	GCNT4
ENSG00000176974	SHMT1	SHMT1
ENSG00000177000	MTHFR	MTHFR
ENSG00000177054	ZDHHC13	ZDHHC13
ENSG00000177076	ACER2	ACER2
ENSG00000177084	POLE	POLE
ENSG00000177108	ZDHHC22	ZDHHC22
ENSG00000177156	TALDO1	TALDO1
ENSG00000177191	B3GNT8	B3GNT8
ENSG00000177192	PUS1	PUS1
ENSG00000177239	MAN1B1	MAN1B1
ENSG00000177414	UBE2U	UBE2U
ENSG00000177465	ACOT4	ACOT4
ENSG00000177542	SLC25A22	SLC25A22
ENSG00000177565	TBL1XR1	TBL1XR1
ENSG00000177628	GBA	GBA1
ENSG00000177646	ACAD9	ACAD9
ENSG00000177666	PNPLA2	PNPLA2
ENSG00000177669	MBOAT4	MBOAT4
ENSG00000177700	POLR2L	POLR2L
ENSG00000177889	UBE2N	UBE2N
ENSG00000178035	IMPDH2	IMPDH2
ENSG00000178127	NDUFV2	NDUFV2
ENSG00000178234	GALNT11	GALNT11
ENSG00000178445	GLDC	GLDC
ENSG00000178537	SLC25A20	SLC25A20
ENSG00000178685	PARP10	PARP10
ENSG00000178700	DHFR2	DHFR2
ENSG00000178741	COX5A	COX5A
ENSG00000178773	CPNE7	CPNE7
ENSG00000178802	MPI	MPI
ENSG00000178814	OPLAH	OPLAH
ENSG00000178921	PFAS	PFAS
ENSG00000178922	HYI	HYI
ENSG00000178952	TUFM	TUFM
ENSG00000179085	DPM3	DPM3
ENSG00000179091	CYC1	CYC1
ENSG00000179115	FARSA	FARSA
ENSG00000179142	CYP11B2	CYP11B2
ENSG00000179148	ALOXE3	ALOXE3
ENSG00000179163	FUCA1	FUCA1
ENSG00000179455	MKRN3	MKRN3
ENSG00000179477	ALOX12B	ALOX12B
ENSG00000179520	SLC17A8	SLC17A8
ENSG00000179593	ALOX15B	ALOX15B
ENSG00000179598	PLD6	PLD6
ENSG00000179761	PIPOX	PIPOX
ENSG00000179913	B3GNT3	B3GNT3
ENSG00000179918	SEPHS2	SEPHS2
ENSG00000179958	DCTPP1	DCTPP1
ENSG00000180011	ZADH2	PTGR3
ENSG00000180176	TH	TH
ENSG00000180210	F2	F2
ENSG00000180233	ZNRF2	ZNRF2
ENSG00000180251	SLC9A4	SLC9A4
ENSG00000180432	CYP8B1	CYP8B1
ENSG00000180537	RNF182	RNF182
ENSG00000180549	FUT7	FUT7
ENSG00000180638	SLC47A2	SLC47A2
ENSG00000180767	CHST13	CHST13
ENSG00000180773	SLC36A4	SLC36A4
ENSG00000180776	ZDHHC20	ZDHHC20
ENSG00000180817	PPA1	PPA1
ENSG00000181019	NQO1	NQO1
ENSG00000181035	SLC25A42	SLC25A42
ENSG00000181045	SLC26A11	SLC26A11
ENSG00000181090	EHMT1	EHMT1
ENSG00000181191	PJA1	PJA1
ENSG00000181192	DHTKD1	DHTKD1
ENSG00000181222	POLR2A	POLR2A
ENSG00000181523	SGSH	SGSH
ENSG00000181555	SETD2	SETD2
ENSG00000181652	ATG9B	ATG9B
ENSG00000181788	SIAH2	SIAH2
ENSG00000181789	COPG1	COPG1
ENSG00000181804	SLC9A9	SLC9A9
ENSG00000181830	SLC35C1	SLC35C1
ENSG00000181852	RNF41	RNF41
ENSG00000181856	SLC2A4	SLC2A4
ENSG00000181867	FTMT	FTMT
ENSG00000181915	ADO	ADO
ENSG00000182022	CHST15	CHST15
ENSG00000182050	MGAT4C	MGAT4C
ENSG00000182054	IDH2	IDH2
ENSG00000182156	ENPP7	ENPP7
ENSG00000182179	UBA7	UBA7
ENSG00000182197	EXT1	EXT1
ENSG00000182199	SHMT2	SHMT2
ENSG00000182224	CYB5D1	CYB5D1
ENSG00000182247	UBE2E2	UBE2E2
ENSG00000182272	B4GALNT4	B4GALNT4
ENSG00000182333	LIPF	LIPF
ENSG00000182415	CDY2A	CDY2A
ENSG00000182551	ADI1	ADI1
ENSG00000182591	KRTAP11-1	KRTAP11-1
ENSG00000182601	HS3ST4	HS3ST4
ENSG00000182621	PLCB1	PLCB1
ENSG00000182670	TTC3	TTC3
ENSG00000182793	GSTA5	GSTA5
ENSG00000182858	ALG12	ALG12
ENSG00000182870	GALNT9	GALNT9
ENSG00000182890	GLUD2	GLUD2
ENSG00000182902	SLC25A18	SLC25A18
ENSG00000183010	PYCR1	PYCR1
ENSG00000183023	SLC8A1	SLC8A1
ENSG00000183032	SLC25A21	SLC25A21
ENSG00000183044	ABAT	ABAT
ENSG00000183048	SLC25A10	SLC25A10
ENSG00000183077	AFMID	AFMID
ENSG00000183196	CHST6	CHST6
ENSG00000183463	URAD	URAD
ENSG00000183479	TREX2	TREX2
ENSG00000183549	ACSM5	ACSM5
ENSG00000183648	NDUFB1	NDUFB1
ENSG00000183654	MARCHF11	MARCHF11
ENSG00000183665	TRMT12	TRMT12
ENSG00000183696	UPP1	UPP1
ENSG00000183747	ACSM2A	ACSM2A
ENSG00000183760	ACP7	ACP7
ENSG00000183778	B3GALT5	B3GALT5
ENSG00000183828	NUDT14	NUDT14
ENSG00000183921	SDR42E2	SDR42E2
ENSG00000183955	KMT5A	KMT5A
ENSG00000184005	ST6GALNAC3	ST6GALNAC3
ENSG00000184076	UQCR10	UQCR10
ENSG00000184154	LRTOMT	LRRC51
ENSG00000184182	UBE2F	UBE2F
ENSG00000184207	PGP	PGP
ENSG00000184210	DGAT2L6	DGAT2L6
ENSG00000184227	ACOT1	ACOT1
ENSG00000184254	ALDH1A3	ALDH1A3
ENSG00000184304	PRKD1	PRKD1
ENSG00000184307	ZDHHC23	ZDHHC23
ENSG00000184343	SRPK3	SRPK3
ENSG00000184381	PLA2G6	PLA2G6
ENSG00000184432	COPB2	COPB2
ENSG00000184470	TXNRD2	TXNRD2
ENSG00000184588	PDE4B	PDE4B
ENSG00000184752	NDUFA12	NDUFA12
ENSG00000184787	UBE2G2	UBE2G2
ENSG00000184788	SATL1	SATL1
ENSG00000184860	SDR42E1	SDR42E1
ENSG00000184979	USP18	USP18
ENSG00000184983	NDUFA6	NDUFA6
ENSG00000184999	SLC22A10	SLC22A10
ENSG00000185000	DGAT1	DGAT1
ENSG00000185013	NT5C1B	NT5C1B
ENSG00000185015	CA13	CA13
ENSG00000185052	SLC24A3	SLC24A3
ENSG00000185100	ADSS1	ADSS1
ENSG00000185133	INPP5J	INPP5J
ENSG00000185274	GALNT17	GALNT17
ENSG00000185344	ATP6V0A2	ATP6V0A2
ENSG00000185345	PRKN	PRKN
ENSG00000185352	HS6ST3	HS6ST3
ENSG00000185420	SMYD3	SMYD3
ENSG00000185527	PDE6G	PDE6G
ENSG00000185624	P4HB	P4HB
ENSG00000185651	UBE2L3	UBE2L3
ENSG00000185803	SLC52A2	SLC52A2
ENSG00000185808	PIGP	PIGP
ENSG00000185813	PCYT2	PCYT2
ENSG00000185818	NAT8L	NAT8L
ENSG00000185825	BCAP31	BCAP31
ENSG00000185875	THNSL1	THNSL1
ENSG00000185883	ATP6V0C	ATP6V0C
ENSG00000185973	TMLHE	TMLHE
ENSG00000185974	GRK1	GRK1
ENSG00000186009	ATP4B	ATP4B
ENSG00000186010	NDUFA13	NDUFA13
ENSG00000186104	CYP2R1	CYP2R1
ENSG00000186111	PIP5K1C	PIP5K1C
ENSG00000186115	CYP4F2	CYP4F2
ENSG00000186141	POLR3C	POLR3C
ENSG00000186153	WWOX	WWOX
ENSG00000186160	CYP4Z1	CYP4Z1
ENSG00000186184	POLR1D	POLR1D
ENSG00000186187	ZNRF1	ZNRF1
ENSG00000186198	SLC51B	SLC51B
ENSG00000186204	CYP4F12	CYP4F12
ENSG00000186281	GPAT2	GPAT2
ENSG00000186298	PPP1CC	PPP1CC
ENSG00000186334	SLC36A3	SLC36A3
ENSG00000186335	SLC36A2	SLC36A2
ENSG00000186350	RXRA	RXRA
ENSG00000186377	CYP4X1	CYP4X1
ENSG00000186526	CYP4F8	CYP4F8
ENSG00000186529	CYP4F3	CYP4F3
ENSG00000186591	UBE2H	UBE2H
ENSG00000186642	PDE2A	PDE2A
ENSG00000186792	HYAL3	HYAL3
ENSG00000186908	ZDHHC17	ZDHHC17
ENSG00000186951	PPARA	PPARA
ENSG00000187021	PNLIPRP1	PNLIPRP1
ENSG00000187024	PTRH1	PTRH1
ENSG00000187048	CYP4A11	CYP4A11
ENSG00000187091	PLCD1	PLCD1
ENSG00000187097	ENTPD5	ENTPD5
ENSG00000187134	AKR1C1	AKR1C1
ENSG00000187210	GCNT1	GCNT1
ENSG00000187486	KCNJ11	KCNJ11
ENSG00000187531	SIRT7	SIRT7
ENSG00000187555	USP7	USP7
ENSG00000187566	NHLRC1	NHLRC1
ENSG00000187581	COX8C	COX8C
ENSG00000187630	DHRS4L2	DHRS4L2
ENSG00000187676	B3GLCT	B3GLCT
ENSG00000187714	SLC18A3	SLC18A3
ENSG00000187733	AMY1C	AMY1C
ENSG00000187758	ADH1A	ADH1A
ENSG00000188050	RNF133	RNF133
ENSG00000188089	PLA2G4E	PLA2G4E
ENSG00000188167	TMPPE	TMPPE
ENSG00000188257	PLA2G2A	PLA2G2A
ENSG00000188266	HYKK	HYKK
ENSG00000188338	SLC38A3	SLC38A3
ENSG00000188467	SLC24A5	SLC24A5
ENSG00000188611	ASAH2	ASAH2
ENSG00000188641	DPYD	DPYD
ENSG00000188676	IDO2	IDO2
ENSG00000188687	SLC4A5	SLC4A5
ENSG00000188690	UROS	UROS
ENSG00000188706	ZDHHC9	ZDHHC9
ENSG00000188784	PLA2G2E	PLA2G2E
ENSG00000188818	ZDHHC11	ZDHHC11
ENSG00000188833	ENTPD8	ENTPD8
ENSG00000188921	HACD4	HACD4
ENSG00000189043	NDUFA4	NDUFA4
ENSG00000189221	MAOA	MAOA
ENSG00000189283	FHIT	FHIT
ENSG00000196136	SERPINA3	SERPINA3
ENSG00000196139	AKR1C3	AKR1C3
ENSG00000196177	ACADSB	ACADSB
ENSG00000196188	CTSE	CTSE
ENSG00000196262	PPIA	PPIA
ENSG00000196296	ATP2A1	ATP2A1
ENSG00000196305	IARS1	IARS1
ENSG00000196313	POM121	POM121
ENSG00000196344	ADH7	ADH7
ENSG00000196368	NUDT11	NUDT11
ENSG00000196371	FUT4	FUT4
ENSG00000196433	ASMT	ASMT
ENSG00000196470	SIAH1	SIAH1
ENSG00000196475	GK2	GK2
ENSG00000196498	NCOR2	NCOR2
ENSG00000196502	SULT1A1	SULT1A1
ENSG00000196511	TPK1	TPK1
ENSG00000196517	SLC6A9	SLC6A9
ENSG00000196547	MAN2A2	MAN2A2
ENSG00000196616	ADH1B	ADH1B
ENSG00000196620	UGT2B15	UGT2B15
ENSG00000196743	GM2A	GM2A
ENSG00000196839	ADA	ADA
ENSG00000196950	SLC39A10	SLC39A10
ENSG00000196968	FUT11	FUT11
ENSG00000197093	GAL3ST4	GAL3ST4
ENSG00000197119	SLC25A29	SLC25A29
ENSG00000197121	PGAP1	PGAP1
ENSG00000197142	ACSL5	ACSL5
ENSG00000197165	SULT1A2	SULT1A2
ENSG00000197208	SLC22A4	SLC22A4
ENSG00000197217	ENTPD4	ENTPD4
ENSG00000197241	SLC2A7	SLC2A7
ENSG00000197249	SERPINA1	SERPINA1
ENSG00000197253	TPSB2	TPSB2
ENSG00000197296	FITM2	FITM2
ENSG00000197323	TRIM33	TRIM33
ENSG00000197355	UAP1L1	UAP1L1
ENSG00000197375	SLC22A5	SLC22A5
ENSG00000197406	DIO3	DIO3
ENSG00000197408	CYP2B6	CYP2B6
ENSG00000197416	FABP12	FABP12
ENSG00000197417	SHPK	SHPK
ENSG00000197444	OGDHL	OGDHL
ENSG00000197446	CYP2F1	CYP2F1
ENSG00000197448	GSTK1	GSTK1
ENSG00000197496	SLC2A10	SLC2A10
ENSG00000197506	SLC28A3	SLC28A3
ENSG00000197530	MIB2	MIB2
ENSG00000197563	PIGN	PIGN
ENSG00000197579	TOPORS	TOPORS
ENSG00000197580	BCO2	BCO2
ENSG00000197586	ENTPD6	ENTPD6
ENSG00000197594	ENPP1	ENPP1
ENSG00000197601	FAR1	FAR1
ENSG00000197713	RPE	RPE
ENSG00000197746	PSAP	PSAP
ENSG00000197763	TXNRD3	TXNRD3
ENSG00000197818	SLC9A8	SLC9A8
ENSG00000197838	CYP2A13	CYP2A13
ENSG00000197858	GPAA1	GPAA1
ENSG00000197888	UGT2B17	UGT2B17
ENSG00000197891	SLC22A12	SLC22A12
ENSG00000197894	ADH5	ADH5
ENSG00000197901	SLC22A6	SLC22A6
ENSG00000197943	PLCG2	PLCG2
ENSG00000197959	DNM3	DNM3
ENSG00000197977	ELOVL2	ELOVL2
ENSG00000198060	MARCHF5	MARCHF5
ENSG00000198074	AKR1B10	AKR1B10
ENSG00000198075	SULT1C4	SULT1C4
ENSG00000198077	CYP2A7	CYP2A7
ENSG00000198088	NUP62CL	NUP62CL
ENSG00000198099	ADH4	ADH4
ENSG00000198108	CHSY3	CHSY3
ENSG00000198130	HIBCH	HIBCH
ENSG00000198162	MAN1A2	MAN1A2
ENSG00000198189	HSD17B11	HSD17B11
ENSG00000198203	SULT1C2	SULT1C2
ENSG00000198246	SLC29A3	SLC29A3
ENSG00000198276	UCKL1	UCKL1
ENSG00000198363	ASPH	ASPH
ENSG00000198373	WWP2	WWP2
ENSG00000198380	GFPT1	GFPT1
ENSG00000198408	OGA	OGA
ENSG00000198431	TXNRD1	TXNRD1
ENSG00000198488	B3GNT6	B3GNT6
ENSG00000198569	SLC34A3	SLC34A3
ENSG00000198610	AKR1C4	AKR1C4
ENSG00000198646	NCOA6	NCOA6
ENSG00000198650	TAT	TAT
ENSG00000198668	CALM1	CALM1
ENSG00000198682	PAPSS2	PAPSS2
ENSG00000198691	ABCA4	ABCA4
ENSG00000198695	MT-ND6	MT-ND6
ENSG00000198704	GPX6	GPX6
ENSG00000198712	MT-CO2	MT-CO2
ENSG00000198721	ECI2	ECI2
ENSG00000198727	MT-CYB	MT-CYB
ENSG00000198742	SMURF1	SMURF1
ENSG00000198743	SLC5A3	SLC5A3
ENSG00000198754	OXCT2	OXCT2
ENSG00000198756	COLGALT2	COLGALT2
ENSG00000198763	MT-ND2	MT-ND2
ENSG00000198786	MT-ND5	MT-ND5
ENSG00000198804	MT-CO1	MT-CO1
ENSG00000198805	PNP	PNP
ENSG00000198814	GK	GK
ENSG00000198825	INPP5F	INPP5F
ENSG00000198833	UBE2J1	UBE2J1
ENSG00000198840	MT-ND3	MT-ND3
ENSG00000198848	CES1	CES1
ENSG00000198881	ASB12	ASB12
ENSG00000198886	MT-ND4	MT-ND4
ENSG00000198888	MT-ND1	MT-ND1
ENSG00000198899	MT-ATP6	MT-ATP6
ENSG00000198919	DZIP3	DZIP3
ENSG00000198931	APRT	APRT
ENSG00000198938	MT-CO3	MT-CO3
ENSG00000198951	NAGA	NAGA
ENSG00000198959	TGM2	TGM2
ENSG00000198961	PJA2	PJA2
ENSG00000198964	SGMS1	SGMS1
ENSG00000203797	DDO	DDO
ENSG00000203805	PLPP4	PLPP4
ENSG00000203837	PNLIPRP3	PNLIPRP3
ENSG00000203857	HSD3B1	HSD3B1
ENSG00000203859	HSD3B2	HSD3B2
ENSG00000203972	GLYATL3	GLYATL3
ENSG00000204007	GLT6D1	GLT6D1
ENSG00000204084	INPP5B	INPP5B
ENSG00000204099	NEU4	NEU4
ENSG00000204160	ZDHHC18	ZDHHC18
ENSG00000204195	AWAT1	AWAT1
ENSG00000204227	RING1	RING1
ENSG00000204228	HSD17B8	HSD17B8
ENSG00000204308	RNF5	RNF5
ENSG00000204310	AGPAT1	AGPAT1
ENSG00000204370	SDHD	SDHD
ENSG00000204371	EHMT2	EHMT2
ENSG00000204385	SLC44A4	SLC44A4
ENSG00000204386	NEU1	NEU1
ENSG00000204394	VARS1	VARS1
ENSG00000205060	SLC35B4	SLC35B4
ENSG00000205186	FABP9	FABP9
ENSG00000205268	PDE7A	PDE7A
ENSG00000205309	NT5M	NT5M
ENSG00000205560	CPT1B	CPT1B
ENSG00000205669	ACOT6	ACOT6
ENSG00000205678	TECRL	TECRL
ENSG00000205808	PLPP6	PLPP6
ENSG00000205923	CEMP1	CEMP1
ENSG00000206077	ZDHHC11B	ZDHHC11B
ENSG00000206190	ATP10A	ATP10A
ENSG00000206527	HACD2	HACD2
ENSG00000211445	GPX3	GPX3
ENSG00000211448	DIO2	DIO2
ENSG00000211452	DIO1	DIO1
ENSG00000211456	SACM1L	SACM1L
ENSG00000212907	MT-ND4L	MT-ND4L
ENSG00000213024	NUP62	NUP62
ENSG00000213160	KLHL23	KLHL23
ENSG00000213316	LTC4S	LTC4S
ENSG00000213339	QTRT1	QTRT1
ENSG00000213366	GSTM2	GSTM2
ENSG00000213398	LCAT	LCAT
ENSG00000213614	HEXA	HEXA
ENSG00000213619	NDUFS3	NDUFS3
ENSG00000213639	PPP1CB	PPP1CB
ENSG00000213648	SULT1A4	SULT1A4
ENSG00000213689	TREX1	TREX1
ENSG00000213722	DDAH2	DDAH2
ENSG00000213759	UGT2B11	UGT2B11
ENSG00000213760	ATP6V1G2	ATP6V1G2
ENSG00000213920	MDP1	MDP1
ENSG00000213930	GALT	GALT
ENSG00000214013	GANC	GANC
ENSG00000214160	ALG3	ALG3
ENSG00000214357	NEURL1B	NEURL1B
ENSG00000214435	AS3MT	AS3MT
ENSG00000214530	STARD10	STARD10
ENSG00000215009	ACSM4	ACSM4
ENSG00000215218	UBE2QL1	UBE2QL1
ENSG00000215883	CYB5RL	CYB5RL
ENSG00000218823	PAPOLB	PAPOLB
ENSG00000221968	FADS3	FADS3
ENSG00000221988	PPT2	PPT2
ENSG00000223443	USP17L2	USP17L2
ENSG00000223572	CKMT1A	CKMT1A
ENSG00000223802	CERS1	CERS1
ENSG00000224586	GPX5	GPX5
ENSG00000225697	SLC26A6	SLC26A6
ENSG00000226784	PGAM4	PGAM4
ENSG00000227140	USP17L5	USP17L5
ENSG00000227471	AKR1B15	AKR1B15
ENSG00000228253	MT-ATP8	MT-ATP8
ENSG00000228716	DHFR	DHFR
ENSG00000228727	SAPCD1	SAPCD1
ENSG00000228856	USP17L30	USP17L30
ENSG00000229579	USP17L26	USP17L26
ENSG00000229894	GK3P	GK3P
ENSG00000229937	PRPS1L1	PRPS1L1
ENSG00000230430	USP17L25	USP17L25
ENSG00000231051	USP17L28	USP17L28
ENSG00000231637	USP17L29	USP17L29
ENSG00000231852	CYP21A2	CYP21A2
ENSG00000232264	USP17L24	USP17L24
ENSG00000233276	GPX1	GPX1
ENSG00000234906	APOC2	APOC2
ENSG00000235376	RPEL1	RPEL1
ENSG00000235780	USP17L27	USP17L27
ENSG00000235863	B3GALT4	B3GALT4
ENSG00000236334	PPIAL4G	PPIAL4G
ENSG00000237172	B3GNT9	B3GNT9
ENSG00000237289	CKMT1B	CKMT1B
ENSG00000237763	AMY1A	AMY1A
ENSG00000238205	MPC1L	MPC1L
ENSG00000239305	RNF103	RNF103
ENSG00000239672	NME1	NME1
ENSG00000239900	ADSL	ADSL
ENSG00000240038	AMY2B	AMY2B
ENSG00000240303	ACAD11	ACAD11
ENSG00000240344	PPIL3	PPIL3
ENSG00000240583	AQP1	AQP1
ENSG00000240857	RDH14	RDH14
ENSG00000240891	PLCXD2	PLCXD2
ENSG00000240972	MIF	MIF
ENSG00000241119	UGT1A9	UGT1A9
ENSG00000241343	RPL36A	RPL36A
ENSG00000241360	PDXP	PDXP
ENSG00000241404	EGFL8	EGFL8
ENSG00000241468	ATP5MF	ATP5MF
ENSG00000241635	UGT1A1	UGT1A1
ENSG00000241644	INMT	INMT
ENSG00000241837	ATP5PO	ATP5PO
ENSG00000241878	PISD	PISD
ENSG00000241935	HOGA1	HOGA1
ENSG00000241973	PI4KA	PI4KA
ENSG00000242110	AMACR	AMACR
ENSG00000242366	UGT1A8	UGT1A8
ENSG00000242515	UGT1A10	UGT1A10
ENSG00000242612	DECR2	DECR2
ENSG00000243056	EIF4EBP3	EIF4EBP3
ENSG00000243477	NAA80	NAA80
ENSG00000243480	AMY2A	AMY2A
ENSG00000243678	NME2	NME2
ENSG00000243708	PLA2G4B	PLA2G4B
ENSG00000243955	GSTA1	GSTA1
ENSG00000243989	ACY1	ACY1
ENSG00000244038	DDOST	DDOST
ENSG00000244067	GSTA2	GSTA2
ENSG00000244122	UGT1A7	UGT1A7
ENSG00000244474	UGT1A4	UGT1A4
ENSG00000244486	SCARF2	SCARF2
ENSG00000247626	mars-02	MARS2
ENSG00000247746	USP51	USP51
ENSG00000248098	BCKDHA	BCKDHA
ENSG00000248144	ADH1C	ADH1C
ENSG00000248933	USP17L22	USP17L22
ENSG00000249853	HS3ST5	HS3ST5
ENSG00000249948	GBA3	GBA3
ENSG00000250565	ATP6V1E2	ATP6V1E2
ENSG00000250741	NT5C1B-RDH14	NT5C1B-RDH14
ENSG00000250799	PRODH2	PRODH2
ENSG00000251287	ALG1L2	ALG1L2
ENSG00000253710	ALG11	ALG11
ENSG00000254685	FPGT	FPGT
ENSG00000255072	PIGY	PIGY
ENSG00000255730		ENSG00000255730
ENSG00000255974	CYP2A6	CYP2A6
ENSG00000256043	CTSO	CTSO
ENSG00000256269	HMBS	HMBS
ENSG00000256525	POLG2	POLG2
ENSG00000256870	SLC5A8	SLC5A8
ENSG00000257335	MGAM	MGAM
ENSG00000257365	FNTB	FNTB
ENSG00000257594	GALNT4	GALNT4
ENSG00000258429	PDF	PDF
ENSG00000259030	FPGT-TNNI3K	FPGT-TNNI3K
ENSG00000259075	POC1B-GALNT4	POC1B-GALNT4
ENSG00000259431	THTPA	THTPA
ENSG00000259916		AQP7B
ENSG00000261052	SULT1A3	SULT1A3
ENSG00000263353	PPIAL4A	PPIAL4A
ENSG00000265203	RBP3	RBP3
ENSG00000265491	RNF115	RNF115
ENSG00000266200	PNLIPRP2	PNLIPRP2
ENSG00000267855	NDUFA7	NDUFA7
ENSG00000268104	SLC6A14	SLC6A14
ENSG00000271567	PPIAL4E	PPIAL4E
ENSG00000272325	NUDT3	NUDT3
ENSG00000272333	KMT2B	KMT2B
ENSG00000272916		ENSG00000272916
ENSG00000273820	USP27X	USP27X
ENSG00000273841	TAF9	TAF9
ENSG00000274252	GGTLC3	GGTLC3
ENSG00000274588	DGKK	DGKK
ENSG00000275183	LENG9	LENG9
ENSG00000276043	UHRF1	UHRF1
ENSG00000276293	PIP4K2B	PIP4K2B
ENSG00000276380	UBE2NL	UBE2NL
ENSG00000276747	PADI6	PADI6
ENSG00000277161	PIGW	PIGW
ENSG00000277494	GPIHBP1	GPIHBP1
ENSG00000277893	SRD5A2	SRD5A2
ENSG00000278540	ACACA	ACACA
ENSG00000282301	CYP3A7-CYP3A51P	CYP3A7-CYP3A51P
ENSG00000284844		TOMT
ENSG00000285043		ENSG00000285043
ENSG00000285269		ENSG00000285269
ENSG00000288702	UGT1A3	UGT1A3
ENSG00000288705	UGT1A5	UGT1A5
ENSG00000161133	ENSG00000161133	USP41
ENSG00000263464	ENSG00000263464	ENSG00000263464
ENSG00000189366	ENSG00000189366	ALG1L1P
ENSG00000133475	ENSG00000133475	GGT2P
ENSG00000112096	ENSG00000112096	ENSG00000112096
